{
  "title": "",
  "ctx": null,
  "suites": [
    {
      "title": "JsonSchema – JSON Schema 2019-09",
      "ctx": null,
      "suites": [
        {
          "title": "tbd",
          "ctx": null,
          "suites": [],
          "tests": [
            {
              "type": "test",
              "title": "2.1 ID - The value MUST be a URL that identifies the schema associated with the verifiable credential.",
              "body": "async function() {\n          await generateTestResults(i.name, schemaVersionName, jsonSchemaType, this.test.title);\n          this.test.cell = {columnId: i.name, rowId: this.test.title};\n          const result = await checkTestResults(i.name, schemaVersionName, jsonSchemaType, this.test.title);\n          should.equal(result, TestResult.success);\n        }",
              "async": 0,
              "sync": true,
              "_timeout": 150000,
              "_slow": 75,
              "_retries": -1,
              "timedOut": false,
              "_currentRetry": 0,
              "pending": false,
              "file": "/home/runner/work/vc-json-schema-test-suite/vc-json-schema-test-suite/tests/jsonschema.js",
              "parent": "jauiUUJP40GYb_SqET9p-",
              "ctx": null,
              "_testId": "urn:uuid:fae5f77d-b003-4c0b-8640-c8345cb130f8",
              "_events": {},
              "_eventsCount": 1,
              "timer": {
                "_idleTimeout": -1,
                "_idlePrev": null,
                "_idleNext": null,
                "_idleStart": 183,
                "_onTimeout": null,
                "_repeat": null,
                "_destroyed": true
              },
              "cell": {
                "columnId": "tbd",
                "rowId": "2.1 ID - The value MUST be a URL that identifies the schema associated with the verifiable credential."
              },
              "duration": 217,
              "state": "failed",
              "err": {
                "name": "AssertionError",
                "message": "expected 'error' to equal 'success'",
                "showDiff": true,
                "actual": "error",
                "expected": "success",
                "operator": "strictEqual",
                "stack": "AssertionError: expected 'error' to equal 'success'\n    at should.equal (node_modules/chai/lib/chai/interface/should.js:98:35)\n    at Context.<anonymous> (file:///home/runner/work/vc-json-schema-test-suite/vc-json-schema-test-suite/tests/jsonschema.js:31:18)"
              }
            },
            {
              "type": "test",
              "title": "2.1 The type property MUST be JsonSchema.",
              "body": "async function() {\n          await generateTestResults(i.name, schemaVersionName, jsonSchemaType, this.test.title);\n          this.test.cell = {columnId: i.name, rowId: this.test.title};\n          const result = await checkTestResults(i.name, schemaVersionName, jsonSchemaType, this.test.title);\n          should.equal(result, TestResult.success);\n        }",
              "async": 0,
              "sync": true,
              "_timeout": 150000,
              "_slow": 75,
              "_retries": -1,
              "timedOut": false,
              "_currentRetry": 0,
              "pending": false,
              "file": "/home/runner/work/vc-json-schema-test-suite/vc-json-schema-test-suite/tests/jsonschema.js",
              "parent": "jauiUUJP40GYb_SqET9p-",
              "ctx": null,
              "_testId": "urn:uuid:1e6d6d0d-4342-43a9-9da1-bcb6ac017eb4",
              "_events": {},
              "_eventsCount": 1,
              "timer": {
                "_idleTimeout": -1,
                "_idlePrev": null,
                "_idleNext": null,
                "_idleStart": 403,
                "_onTimeout": null,
                "_repeat": null,
                "_destroyed": true
              },
              "cell": {
                "columnId": "tbd",
                "rowId": "2.1 The type property MUST be JsonSchema."
              },
              "duration": 216,
              "state": "failed",
              "err": {
                "name": "AssertionError",
                "message": "expected 'error' to equal 'success'",
                "showDiff": true,
                "actual": "error",
                "expected": "success",
                "operator": "strictEqual",
                "stack": "AssertionError: expected 'error' to equal 'success'\n    at should.equal (node_modules/chai/lib/chai/interface/should.js:98:35)\n    at Context.<anonymous> (file:///home/runner/work/vc-json-schema-test-suite/vc-json-schema-test-suite/tests/jsonschema.js:38:18)"
              }
            },
            {
              "type": "test",
              "title": "3 Implementers MUST provide support for JSON Schema specifications where, in the following table, the required column's value is yes",
              "body": "function() {\n          this.test.cell = {columnId: i.name, rowId: this.test.title};\n          if (schemaVersionName === JsonSchemaVersions['202012']) {\n            should.equal(true, true);\n          } else {\n            this.skip();\n          }\n        }",
              "async": 0,
              "sync": true,
              "_timeout": 150000,
              "_slow": 75,
              "_retries": -1,
              "timedOut": false,
              "_currentRetry": 0,
              "pending": true,
              "file": "/home/runner/work/vc-json-schema-test-suite/vc-json-schema-test-suite/tests/jsonschema.js",
              "parent": "jauiUUJP40GYb_SqET9p-",
              "ctx": null,
              "_testId": "urn:uuid:31911965-6c27-46a2-96e5-afe04499c278",
              "_events": {},
              "_eventsCount": 1,
              "cell": {
                "columnId": "tbd",
                "rowId": "3 Implementers MUST provide support for JSON Schema specifications where, in the following table, the required column's value is yes"
              },
              "duration": 0,
              "state": "pending"
            },
            {
              "type": "test",
              "title": "3.1.1 The $id MUST be present and its value MUST represent a valid URI-reference",
              "body": "async function() {\n          await generateTestResults(i.name, schemaVersionName, jsonSchemaType, this.test.title);\n          this.test.cell = {columnId: i.name, rowId: this.test.title};\n          const result = await checkTestResults(i.name, schemaVersionName, jsonSchemaType, this.test.title);\n          should.equal(result, TestResult.success);\n        }",
              "async": 0,
              "sync": true,
              "_timeout": 150000,
              "_slow": 75,
              "_retries": -1,
              "timedOut": false,
              "_currentRetry": 0,
              "pending": false,
              "file": "/home/runner/work/vc-json-schema-test-suite/vc-json-schema-test-suite/tests/jsonschema.js",
              "parent": "jauiUUJP40GYb_SqET9p-",
              "ctx": null,
              "_testId": "urn:uuid:4441582a-0759-4456-b58b-c600b6925ed6",
              "_events": {},
              "_eventsCount": 1,
              "timer": {
                "_idleTimeout": -1,
                "_idlePrev": null,
                "_idleNext": null,
                "_idleStart": 619,
                "_onTimeout": null,
                "_repeat": null,
                "_destroyed": true
              },
              "cell": {
                "columnId": "tbd",
                "rowId": "3.1.1 The $id MUST be present and its value MUST represent a valid URI-reference"
              },
              "duration": 246,
              "state": "failed",
              "err": {
                "name": "AssertionError",
                "message": "expected 'error' to equal 'success'",
                "showDiff": true,
                "actual": "error",
                "expected": "success",
                "operator": "strictEqual",
                "stack": "AssertionError: expected 'error' to equal 'success'\n    at should.equal (node_modules/chai/lib/chai/interface/should.js:98:35)\n    at Context.<anonymous> (file:///home/runner/work/vc-json-schema-test-suite/vc-json-schema-test-suite/tests/jsonschema.js:54:18)"
              }
            },
            {
              "type": "test",
              "title": "3.1.2, 4 The $schema property MUST be present in each schema",
              "body": "async function() {\n          await generateTestResults(i.name, schemaVersionName, jsonSchemaType, this.test.title);\n          this.test.cell = {columnId: i.name, rowId: this.test.title};\n          const result = await checkTestResults(i.name, schemaVersionName, jsonSchemaType, this.test.title);\n          should.equal(result, TestResult.success);\n        }",
              "async": 0,
              "sync": true,
              "_timeout": 150000,
              "_slow": 75,
              "_retries": -1,
              "timedOut": false,
              "_currentRetry": 0,
              "pending": false,
              "file": "/home/runner/work/vc-json-schema-test-suite/vc-json-schema-test-suite/tests/jsonschema.js",
              "parent": "jauiUUJP40GYb_SqET9p-",
              "ctx": null,
              "_testId": "urn:uuid:6813ae18-8ae7-48cd-9bcd-bfc133b24d8d",
              "_events": {},
              "_eventsCount": 1,
              "timer": {
                "_idleTimeout": -1,
                "_idlePrev": null,
                "_idleNext": null,
                "_idleStart": 866,
                "_onTimeout": null,
                "_repeat": null,
                "_destroyed": true
              },
              "cell": {
                "columnId": "tbd",
                "rowId": "3.1.2, 4 The $schema property MUST be present in each schema"
              },
              "duration": 216,
              "state": "failed",
              "err": {
                "name": "AssertionError",
                "message": "expected 'error' to equal 'success'",
                "showDiff": true,
                "actual": "error",
                "expected": "success",
                "operator": "strictEqual",
                "stack": "AssertionError: expected 'error' to equal 'success'\n    at should.equal (node_modules/chai/lib/chai/interface/should.js:98:35)\n    at Context.<anonymous> (file:///home/runner/work/vc-json-schema-test-suite/vc-json-schema-test-suite/tests/jsonschema.js:62:18)"
              }
            },
            {
              "type": "test",
              "title": "4.2 (Success) Validation MUST result in one of the following three possible outcomes: success, failure, or indeterminate.",
              "body": "async function() {\n          await generateTestResults(i.name, schemaVersionName, jsonSchemaType, this.test.title);\n          this.test.cell = {columnId: i.name, rowId: this.test.title};\n          const result = await checkTestResults(i.name, schemaVersionName, jsonSchemaType, this.test.title);\n          should.equal(result, TestResult.success);\n        }",
              "async": 0,
              "sync": true,
              "_timeout": 150000,
              "_slow": 75,
              "_retries": -1,
              "timedOut": false,
              "_currentRetry": 0,
              "pending": false,
              "file": "/home/runner/work/vc-json-schema-test-suite/vc-json-schema-test-suite/tests/jsonschema.js",
              "parent": "jauiUUJP40GYb_SqET9p-",
              "ctx": null,
              "_testId": "urn:uuid:ca5cbc83-4414-45e3-a302-08a3777e020d",
              "_events": {},
              "_eventsCount": 1,
              "timer": {
                "_idleTimeout": -1,
                "_idlePrev": null,
                "_idleNext": null,
                "_idleStart": 1082,
                "_onTimeout": null,
                "_repeat": null,
                "_destroyed": true
              },
              "cell": {
                "columnId": "tbd",
                "rowId": "4.2 (Success) Validation MUST result in one of the following three possible outcomes: success, failure, or indeterminate."
              },
              "duration": 184,
              "state": "failed",
              "err": {
                "name": "AssertionError",
                "message": "expected 'error' to equal 'success'",
                "showDiff": true,
                "actual": "error",
                "expected": "success",
                "operator": "strictEqual",
                "stack": "AssertionError: expected 'error' to equal 'success'\n    at should.equal (node_modules/chai/lib/chai/interface/should.js:98:35)\n    at Context.<anonymous> (file:///home/runner/work/vc-json-schema-test-suite/vc-json-schema-test-suite/tests/jsonschema.js:69:18)"
              }
            },
            {
              "type": "test",
              "title": "4.2 (Failure) Validation MUST result in one of the following three possible outcomes: success, failure, or indeterminate.",
              "body": "async function() {\n          await generateTestResults(i.name, schemaVersionName, jsonSchemaType, this.test.title);\n          this.test.cell = {columnId: i.name, rowId: this.test.title};\n          const result = await checkTestResults(i.name, schemaVersionName, jsonSchemaType, this.test.title);\n          should.equal(result, TestResult.success);\n        }",
              "async": 0,
              "sync": true,
              "_timeout": 150000,
              "_slow": 75,
              "_retries": -1,
              "timedOut": false,
              "_currentRetry": 0,
              "pending": false,
              "file": "/home/runner/work/vc-json-schema-test-suite/vc-json-schema-test-suite/tests/jsonschema.js",
              "parent": "jauiUUJP40GYb_SqET9p-",
              "ctx": null,
              "_testId": "urn:uuid:2d3fa9b1-1dc1-4b86-88c4-a08785d47d36",
              "_events": {},
              "_eventsCount": 1,
              "timer": {
                "_idleTimeout": -1,
                "_idlePrev": null,
                "_idleNext": null,
                "_idleStart": 1268,
                "_onTimeout": null,
                "_repeat": null,
                "_destroyed": true
              },
              "cell": {
                "columnId": "tbd",
                "rowId": "4.2 (Failure) Validation MUST result in one of the following three possible outcomes: success, failure, or indeterminate."
              },
              "duration": 185,
              "state": "failed",
              "err": {
                "name": "AssertionError",
                "message": "expected 'error' to equal 'success'",
                "showDiff": true,
                "actual": "error",
                "expected": "success",
                "operator": "strictEqual",
                "stack": "AssertionError: expected 'error' to equal 'success'\n    at should.equal (node_modules/chai/lib/chai/interface/should.js:98:35)\n    at Context.<anonymous> (file:///home/runner/work/vc-json-schema-test-suite/vc-json-schema-test-suite/tests/jsonschema.js:76:18)"
              }
            },
            {
              "type": "test",
              "title": "4.2 (Indeterminate) Validation MUST result in one of the following three possible outcomes: success, failure, or indeterminate.",
              "body": "async function() {\n          await generateTestResults(i.name, schemaVersionName, jsonSchemaType, this.test.title);\n          this.test.cell = {columnId: i.name, rowId: this.test.title};\n          const result = await checkTestResults(i.name, schemaVersionName, jsonSchemaType, this.test.title);\n          should.equal(result, TestResult.success);\n        }",
              "async": 0,
              "sync": true,
              "_timeout": 150000,
              "_slow": 75,
              "_retries": -1,
              "timedOut": false,
              "_currentRetry": 0,
              "pending": false,
              "file": "/home/runner/work/vc-json-schema-test-suite/vc-json-schema-test-suite/tests/jsonschema.js",
              "parent": "jauiUUJP40GYb_SqET9p-",
              "ctx": null,
              "_testId": "urn:uuid:8a9b6544-990c-4f47-9962-98ab9699230f",
              "_events": {},
              "_eventsCount": 1,
              "timer": {
                "_idleTimeout": -1,
                "_idlePrev": null,
                "_idleNext": null,
                "_idleStart": 1453,
                "_onTimeout": null,
                "_repeat": null,
                "_destroyed": true
              },
              "cell": {
                "columnId": "tbd",
                "rowId": "4.2 (Indeterminate) Validation MUST result in one of the following three possible outcomes: success, failure, or indeterminate."
              },
              "duration": 184,
              "state": "failed",
              "err": {
                "name": "AssertionError",
                "message": "expected 'error' to equal 'success'",
                "showDiff": true,
                "actual": "error",
                "expected": "success",
                "operator": "strictEqual",
                "stack": "AssertionError: expected 'error' to equal 'success'\n    at should.equal (node_modules/chai/lib/chai/interface/should.js:98:35)\n    at Context.<anonymous> (file:///home/runner/work/vc-json-schema-test-suite/vc-json-schema-test-suite/tests/jsonschema.js:83:18)"
              }
            }
          ],
          "root": false,
          "pending": false,
          "_retries": -1,
          "_beforeEach": [],
          "_beforeAll": [],
          "_afterEach": [],
          "_afterAll": [],
          "_timeout": 150000,
          "_slow": 75,
          "_bail": false,
          "_onlyTests": [],
          "_onlySuites": [],
          "delayed": false,
          "parent": "i6EpVkyA6bxUu95kgZiAh",
          "file": "/home/runner/work/vc-json-schema-test-suite/vc-json-schema-test-suite/tests/jsonschema.js",
          "_testId": "urn:uuid:7e2065cf-93c5-4970-bd43-cefa3b7d0462"
        }
      ],
      "tests": [
        {
          "type": "test",
          "title": "2.1 ID - The value MUST be a URL that identifies the schema associated with the verifiable credential.",
          "body": "async function() {\n          await generateTestResults(i.name, schemaVersionName, jsonSchemaType, this.test.title);\n          this.test.cell = {columnId: i.name, rowId: this.test.title};\n          const result = await checkTestResults(i.name, schemaVersionName, jsonSchemaType, this.test.title);\n          should.equal(result, TestResult.success);\n        }",
          "async": 0,
          "sync": true,
          "_timeout": 150000,
          "_slow": 75,
          "_retries": -1,
          "timedOut": false,
          "_currentRetry": 0,
          "pending": false,
          "file": "/home/runner/work/vc-json-schema-test-suite/vc-json-schema-test-suite/tests/jsonschema.js",
          "parent": "jauiUUJP40GYb_SqET9p-",
          "ctx": null,
          "_testId": "urn:uuid:fae5f77d-b003-4c0b-8640-c8345cb130f8",
          "_events": {},
          "_eventsCount": 1,
          "timer": {
            "_idleTimeout": -1,
            "_idlePrev": null,
            "_idleNext": null,
            "_idleStart": 183,
            "_onTimeout": null,
            "_repeat": null,
            "_destroyed": true
          },
          "cell": {
            "columnId": "tbd",
            "rowId": "2.1 ID - The value MUST be a URL that identifies the schema associated with the verifiable credential."
          },
          "duration": 217,
          "state": "failed",
          "err": {
            "name": "AssertionError",
            "message": "expected 'error' to equal 'success'",
            "showDiff": true,
            "actual": "error",
            "expected": "success",
            "operator": "strictEqual",
            "stack": "AssertionError: expected 'error' to equal 'success'\n    at should.equal (node_modules/chai/lib/chai/interface/should.js:98:35)\n    at Context.<anonymous> (file:///home/runner/work/vc-json-schema-test-suite/vc-json-schema-test-suite/tests/jsonschema.js:31:18)"
          }
        },
        {
          "type": "test",
          "title": "2.1 The type property MUST be JsonSchema.",
          "body": "async function() {\n          await generateTestResults(i.name, schemaVersionName, jsonSchemaType, this.test.title);\n          this.test.cell = {columnId: i.name, rowId: this.test.title};\n          const result = await checkTestResults(i.name, schemaVersionName, jsonSchemaType, this.test.title);\n          should.equal(result, TestResult.success);\n        }",
          "async": 0,
          "sync": true,
          "_timeout": 150000,
          "_slow": 75,
          "_retries": -1,
          "timedOut": false,
          "_currentRetry": 0,
          "pending": false,
          "file": "/home/runner/work/vc-json-schema-test-suite/vc-json-schema-test-suite/tests/jsonschema.js",
          "parent": "jauiUUJP40GYb_SqET9p-",
          "ctx": null,
          "_testId": "urn:uuid:1e6d6d0d-4342-43a9-9da1-bcb6ac017eb4",
          "_events": {},
          "_eventsCount": 1,
          "timer": {
            "_idleTimeout": -1,
            "_idlePrev": null,
            "_idleNext": null,
            "_idleStart": 403,
            "_onTimeout": null,
            "_repeat": null,
            "_destroyed": true
          },
          "cell": {
            "columnId": "tbd",
            "rowId": "2.1 The type property MUST be JsonSchema."
          },
          "duration": 216,
          "state": "failed",
          "err": {
            "name": "AssertionError",
            "message": "expected 'error' to equal 'success'",
            "showDiff": true,
            "actual": "error",
            "expected": "success",
            "operator": "strictEqual",
            "stack": "AssertionError: expected 'error' to equal 'success'\n    at should.equal (node_modules/chai/lib/chai/interface/should.js:98:35)\n    at Context.<anonymous> (file:///home/runner/work/vc-json-schema-test-suite/vc-json-schema-test-suite/tests/jsonschema.js:38:18)"
          }
        },
        {
          "type": "test",
          "title": "3 Implementers MUST provide support for JSON Schema specifications where, in the following table, the required column's value is yes",
          "body": "function() {\n          this.test.cell = {columnId: i.name, rowId: this.test.title};\n          if (schemaVersionName === JsonSchemaVersions['202012']) {\n            should.equal(true, true);\n          } else {\n            this.skip();\n          }\n        }",
          "async": 0,
          "sync": true,
          "_timeout": 150000,
          "_slow": 75,
          "_retries": -1,
          "timedOut": false,
          "_currentRetry": 0,
          "pending": true,
          "file": "/home/runner/work/vc-json-schema-test-suite/vc-json-schema-test-suite/tests/jsonschema.js",
          "parent": "jauiUUJP40GYb_SqET9p-",
          "ctx": null,
          "_testId": "urn:uuid:31911965-6c27-46a2-96e5-afe04499c278",
          "_events": {},
          "_eventsCount": 1,
          "cell": {
            "columnId": "tbd",
            "rowId": "3 Implementers MUST provide support for JSON Schema specifications where, in the following table, the required column's value is yes"
          },
          "duration": 0,
          "state": "pending"
        },
        {
          "type": "test",
          "title": "3.1.1 The $id MUST be present and its value MUST represent a valid URI-reference",
          "body": "async function() {\n          await generateTestResults(i.name, schemaVersionName, jsonSchemaType, this.test.title);\n          this.test.cell = {columnId: i.name, rowId: this.test.title};\n          const result = await checkTestResults(i.name, schemaVersionName, jsonSchemaType, this.test.title);\n          should.equal(result, TestResult.success);\n        }",
          "async": 0,
          "sync": true,
          "_timeout": 150000,
          "_slow": 75,
          "_retries": -1,
          "timedOut": false,
          "_currentRetry": 0,
          "pending": false,
          "file": "/home/runner/work/vc-json-schema-test-suite/vc-json-schema-test-suite/tests/jsonschema.js",
          "parent": "jauiUUJP40GYb_SqET9p-",
          "ctx": null,
          "_testId": "urn:uuid:4441582a-0759-4456-b58b-c600b6925ed6",
          "_events": {},
          "_eventsCount": 1,
          "timer": {
            "_idleTimeout": -1,
            "_idlePrev": null,
            "_idleNext": null,
            "_idleStart": 619,
            "_onTimeout": null,
            "_repeat": null,
            "_destroyed": true
          },
          "cell": {
            "columnId": "tbd",
            "rowId": "3.1.1 The $id MUST be present and its value MUST represent a valid URI-reference"
          },
          "duration": 246,
          "state": "failed",
          "err": {
            "name": "AssertionError",
            "message": "expected 'error' to equal 'success'",
            "showDiff": true,
            "actual": "error",
            "expected": "success",
            "operator": "strictEqual",
            "stack": "AssertionError: expected 'error' to equal 'success'\n    at should.equal (node_modules/chai/lib/chai/interface/should.js:98:35)\n    at Context.<anonymous> (file:///home/runner/work/vc-json-schema-test-suite/vc-json-schema-test-suite/tests/jsonschema.js:54:18)"
          }
        },
        {
          "type": "test",
          "title": "3.1.2, 4 The $schema property MUST be present in each schema",
          "body": "async function() {\n          await generateTestResults(i.name, schemaVersionName, jsonSchemaType, this.test.title);\n          this.test.cell = {columnId: i.name, rowId: this.test.title};\n          const result = await checkTestResults(i.name, schemaVersionName, jsonSchemaType, this.test.title);\n          should.equal(result, TestResult.success);\n        }",
          "async": 0,
          "sync": true,
          "_timeout": 150000,
          "_slow": 75,
          "_retries": -1,
          "timedOut": false,
          "_currentRetry": 0,
          "pending": false,
          "file": "/home/runner/work/vc-json-schema-test-suite/vc-json-schema-test-suite/tests/jsonschema.js",
          "parent": "jauiUUJP40GYb_SqET9p-",
          "ctx": null,
          "_testId": "urn:uuid:6813ae18-8ae7-48cd-9bcd-bfc133b24d8d",
          "_events": {},
          "_eventsCount": 1,
          "timer": {
            "_idleTimeout": -1,
            "_idlePrev": null,
            "_idleNext": null,
            "_idleStart": 866,
            "_onTimeout": null,
            "_repeat": null,
            "_destroyed": true
          },
          "cell": {
            "columnId": "tbd",
            "rowId": "3.1.2, 4 The $schema property MUST be present in each schema"
          },
          "duration": 216,
          "state": "failed",
          "err": {
            "name": "AssertionError",
            "message": "expected 'error' to equal 'success'",
            "showDiff": true,
            "actual": "error",
            "expected": "success",
            "operator": "strictEqual",
            "stack": "AssertionError: expected 'error' to equal 'success'\n    at should.equal (node_modules/chai/lib/chai/interface/should.js:98:35)\n    at Context.<anonymous> (file:///home/runner/work/vc-json-schema-test-suite/vc-json-schema-test-suite/tests/jsonschema.js:62:18)"
          }
        },
        {
          "type": "test",
          "title": "4.2 (Success) Validation MUST result in one of the following three possible outcomes: success, failure, or indeterminate.",
          "body": "async function() {\n          await generateTestResults(i.name, schemaVersionName, jsonSchemaType, this.test.title);\n          this.test.cell = {columnId: i.name, rowId: this.test.title};\n          const result = await checkTestResults(i.name, schemaVersionName, jsonSchemaType, this.test.title);\n          should.equal(result, TestResult.success);\n        }",
          "async": 0,
          "sync": true,
          "_timeout": 150000,
          "_slow": 75,
          "_retries": -1,
          "timedOut": false,
          "_currentRetry": 0,
          "pending": false,
          "file": "/home/runner/work/vc-json-schema-test-suite/vc-json-schema-test-suite/tests/jsonschema.js",
          "parent": "jauiUUJP40GYb_SqET9p-",
          "ctx": null,
          "_testId": "urn:uuid:ca5cbc83-4414-45e3-a302-08a3777e020d",
          "_events": {},
          "_eventsCount": 1,
          "timer": {
            "_idleTimeout": -1,
            "_idlePrev": null,
            "_idleNext": null,
            "_idleStart": 1082,
            "_onTimeout": null,
            "_repeat": null,
            "_destroyed": true
          },
          "cell": {
            "columnId": "tbd",
            "rowId": "4.2 (Success) Validation MUST result in one of the following three possible outcomes: success, failure, or indeterminate."
          },
          "duration": 184,
          "state": "failed",
          "err": {
            "name": "AssertionError",
            "message": "expected 'error' to equal 'success'",
            "showDiff": true,
            "actual": "error",
            "expected": "success",
            "operator": "strictEqual",
            "stack": "AssertionError: expected 'error' to equal 'success'\n    at should.equal (node_modules/chai/lib/chai/interface/should.js:98:35)\n    at Context.<anonymous> (file:///home/runner/work/vc-json-schema-test-suite/vc-json-schema-test-suite/tests/jsonschema.js:69:18)"
          }
        },
        {
          "type": "test",
          "title": "4.2 (Failure) Validation MUST result in one of the following three possible outcomes: success, failure, or indeterminate.",
          "body": "async function() {\n          await generateTestResults(i.name, schemaVersionName, jsonSchemaType, this.test.title);\n          this.test.cell = {columnId: i.name, rowId: this.test.title};\n          const result = await checkTestResults(i.name, schemaVersionName, jsonSchemaType, this.test.title);\n          should.equal(result, TestResult.success);\n        }",
          "async": 0,
          "sync": true,
          "_timeout": 150000,
          "_slow": 75,
          "_retries": -1,
          "timedOut": false,
          "_currentRetry": 0,
          "pending": false,
          "file": "/home/runner/work/vc-json-schema-test-suite/vc-json-schema-test-suite/tests/jsonschema.js",
          "parent": "jauiUUJP40GYb_SqET9p-",
          "ctx": null,
          "_testId": "urn:uuid:2d3fa9b1-1dc1-4b86-88c4-a08785d47d36",
          "_events": {},
          "_eventsCount": 1,
          "timer": {
            "_idleTimeout": -1,
            "_idlePrev": null,
            "_idleNext": null,
            "_idleStart": 1268,
            "_onTimeout": null,
            "_repeat": null,
            "_destroyed": true
          },
          "cell": {
            "columnId": "tbd",
            "rowId": "4.2 (Failure) Validation MUST result in one of the following three possible outcomes: success, failure, or indeterminate."
          },
          "duration": 185,
          "state": "failed",
          "err": {
            "name": "AssertionError",
            "message": "expected 'error' to equal 'success'",
            "showDiff": true,
            "actual": "error",
            "expected": "success",
            "operator": "strictEqual",
            "stack": "AssertionError: expected 'error' to equal 'success'\n    at should.equal (node_modules/chai/lib/chai/interface/should.js:98:35)\n    at Context.<anonymous> (file:///home/runner/work/vc-json-schema-test-suite/vc-json-schema-test-suite/tests/jsonschema.js:76:18)"
          }
        },
        {
          "type": "test",
          "title": "4.2 (Indeterminate) Validation MUST result in one of the following three possible outcomes: success, failure, or indeterminate.",
          "body": "async function() {\n          await generateTestResults(i.name, schemaVersionName, jsonSchemaType, this.test.title);\n          this.test.cell = {columnId: i.name, rowId: this.test.title};\n          const result = await checkTestResults(i.name, schemaVersionName, jsonSchemaType, this.test.title);\n          should.equal(result, TestResult.success);\n        }",
          "async": 0,
          "sync": true,
          "_timeout": 150000,
          "_slow": 75,
          "_retries": -1,
          "timedOut": false,
          "_currentRetry": 0,
          "pending": false,
          "file": "/home/runner/work/vc-json-schema-test-suite/vc-json-schema-test-suite/tests/jsonschema.js",
          "parent": "jauiUUJP40GYb_SqET9p-",
          "ctx": null,
          "_testId": "urn:uuid:8a9b6544-990c-4f47-9962-98ab9699230f",
          "_events": {},
          "_eventsCount": 1,
          "timer": {
            "_idleTimeout": -1,
            "_idlePrev": null,
            "_idleNext": null,
            "_idleStart": 1453,
            "_onTimeout": null,
            "_repeat": null,
            "_destroyed": true
          },
          "cell": {
            "columnId": "tbd",
            "rowId": "4.2 (Indeterminate) Validation MUST result in one of the following three possible outcomes: success, failure, or indeterminate."
          },
          "duration": 184,
          "state": "failed",
          "err": {
            "name": "AssertionError",
            "message": "expected 'error' to equal 'success'",
            "showDiff": true,
            "actual": "error",
            "expected": "success",
            "operator": "strictEqual",
            "stack": "AssertionError: expected 'error' to equal 'success'\n    at should.equal (node_modules/chai/lib/chai/interface/should.js:98:35)\n    at Context.<anonymous> (file:///home/runner/work/vc-json-schema-test-suite/vc-json-schema-test-suite/tests/jsonschema.js:83:18)"
          }
        }
      ],
      "root": false,
      "pending": false,
      "_retries": -1,
      "_beforeEach": [],
      "_beforeAll": [],
      "_afterEach": [],
      "_afterAll": [],
      "_timeout": 150000,
      "_slow": 75,
      "_bail": false,
      "_onlyTests": [],
      "_onlySuites": [],
      "delayed": false,
      "parent": "1BN0fXcmb6_5EVc4yKLcb",
      "file": "/home/runner/work/vc-json-schema-test-suite/vc-json-schema-test-suite/tests/jsonschema.js",
      "matrix": true,
      "report": true,
      "implemented": [
        "tbd"
      ],
      "rowLabel": "Test Name",
      "columnLabel": "Implementation",
      "_testId": "urn:uuid:fbb53ed7-babc-46ed-b142-e00e312fc05e"
    },
    {
      "title": "JsonSchema – JSON Schema 2020-12",
      "ctx": null,
      "suites": [
        {
          "title": "tbd",
          "ctx": null,
          "suites": [],
          "tests": [
            {
              "type": "test",
              "title": "2.1 ID - The value MUST be a URL that identifies the schema associated with the verifiable credential.",
              "body": "async function() {\n          await generateTestResults(i.name, schemaVersionName, jsonSchemaType, this.test.title);\n          this.test.cell = {columnId: i.name, rowId: this.test.title};\n          const result = await checkTestResults(i.name, schemaVersionName, jsonSchemaType, this.test.title);\n          should.equal(result, TestResult.success);\n        }",
              "async": 0,
              "sync": true,
              "_timeout": 150000,
              "_slow": 75,
              "_retries": -1,
              "timedOut": false,
              "_currentRetry": 0,
              "pending": false,
              "file": "/home/runner/work/vc-json-schema-test-suite/vc-json-schema-test-suite/tests/jsonschema.js",
              "parent": "BXnLvuqQhAHEFDujivy5s",
              "ctx": null,
              "_testId": "urn:uuid:08d906cd-6d3c-40dd-85c0-096f64bbea67",
              "_events": {},
              "_eventsCount": 1,
              "timer": {
                "_idleTimeout": -1,
                "_idlePrev": null,
                "_idleNext": null,
                "_idleStart": 1639,
                "_onTimeout": null,
                "_repeat": null,
                "_destroyed": true
              },
              "cell": {
                "columnId": "tbd",
                "rowId": "2.1 ID - The value MUST be a URL that identifies the schema associated with the verifiable credential."
              },
              "duration": 217,
              "state": "failed",
              "err": {
                "name": "AssertionError",
                "message": "expected 'error' to equal 'success'",
                "showDiff": true,
                "actual": "error",
                "expected": "success",
                "operator": "strictEqual",
                "stack": "AssertionError: expected 'error' to equal 'success'\n    at should.equal (node_modules/chai/lib/chai/interface/should.js:98:35)\n    at Context.<anonymous> (file:///home/runner/work/vc-json-schema-test-suite/vc-json-schema-test-suite/tests/jsonschema.js:31:18)"
              }
            },
            {
              "type": "test",
              "title": "2.1 The type property MUST be JsonSchema.",
              "body": "async function() {\n          await generateTestResults(i.name, schemaVersionName, jsonSchemaType, this.test.title);\n          this.test.cell = {columnId: i.name, rowId: this.test.title};\n          const result = await checkTestResults(i.name, schemaVersionName, jsonSchemaType, this.test.title);\n          should.equal(result, TestResult.success);\n        }",
              "async": 0,
              "sync": true,
              "_timeout": 150000,
              "_slow": 75,
              "_retries": -1,
              "timedOut": false,
              "_currentRetry": 0,
              "pending": false,
              "file": "/home/runner/work/vc-json-schema-test-suite/vc-json-schema-test-suite/tests/jsonschema.js",
              "parent": "BXnLvuqQhAHEFDujivy5s",
              "ctx": null,
              "_testId": "urn:uuid:7cd5f5ff-02a8-4e26-99d6-4d4b3f765553",
              "_events": {},
              "_eventsCount": 1,
              "timer": {
                "_idleTimeout": -1,
                "_idlePrev": null,
                "_idleNext": null,
                "_idleStart": 1856,
                "_onTimeout": null,
                "_repeat": null,
                "_destroyed": true
              },
              "cell": {
                "columnId": "tbd",
                "rowId": "2.1 The type property MUST be JsonSchema."
              },
              "duration": 218,
              "state": "failed",
              "err": {
                "name": "AssertionError",
                "message": "expected 'error' to equal 'success'",
                "showDiff": true,
                "actual": "error",
                "expected": "success",
                "operator": "strictEqual",
                "stack": "AssertionError: expected 'error' to equal 'success'\n    at should.equal (node_modules/chai/lib/chai/interface/should.js:98:35)\n    at Context.<anonymous> (file:///home/runner/work/vc-json-schema-test-suite/vc-json-schema-test-suite/tests/jsonschema.js:38:18)"
              }
            },
            {
              "type": "test",
              "title": "3 Implementers MUST provide support for JSON Schema specifications where, in the following table, the required column's value is yes",
              "body": "function() {\n          this.test.cell = {columnId: i.name, rowId: this.test.title};\n          if (schemaVersionName === JsonSchemaVersions['202012']) {\n            should.equal(true, true);\n          } else {\n            this.skip();\n          }\n        }",
              "async": 0,
              "sync": true,
              "_timeout": 150000,
              "_slow": 75,
              "_retries": -1,
              "timedOut": false,
              "_currentRetry": 0,
              "pending": false,
              "file": "/home/runner/work/vc-json-schema-test-suite/vc-json-schema-test-suite/tests/jsonschema.js",
              "parent": "BXnLvuqQhAHEFDujivy5s",
              "ctx": null,
              "_testId": "urn:uuid:347e4086-1bdd-466d-914a-4bcc900969f5",
              "_events": {},
              "_eventsCount": 1,
              "cell": {
                "columnId": "tbd",
                "rowId": "3 Implementers MUST provide support for JSON Schema specifications where, in the following table, the required column's value is yes"
              },
              "duration": 1,
              "state": "passed",
              "speed": "fast"
            },
            {
              "type": "test",
              "title": "3.1.1 The $id MUST be present and its value MUST represent a valid URI-reference",
              "body": "async function() {\n          await generateTestResults(i.name, schemaVersionName, jsonSchemaType, this.test.title);\n          this.test.cell = {columnId: i.name, rowId: this.test.title};\n          const result = await checkTestResults(i.name, schemaVersionName, jsonSchemaType, this.test.title);\n          should.equal(result, TestResult.success);\n        }",
              "async": 0,
              "sync": true,
              "_timeout": 150000,
              "_slow": 75,
              "_retries": -1,
              "timedOut": false,
              "_currentRetry": 0,
              "pending": false,
              "file": "/home/runner/work/vc-json-schema-test-suite/vc-json-schema-test-suite/tests/jsonschema.js",
              "parent": "BXnLvuqQhAHEFDujivy5s",
              "ctx": null,
              "_testId": "urn:uuid:49f0f00a-98a1-4ed7-b884-5952a5a6cfea",
              "_events": {},
              "_eventsCount": 1,
              "timer": {
                "_idleTimeout": -1,
                "_idlePrev": null,
                "_idleNext": null,
                "_idleStart": 2072,
                "_onTimeout": null,
                "_repeat": null,
                "_destroyed": true
              },
              "cell": {
                "columnId": "tbd",
                "rowId": "3.1.1 The $id MUST be present and its value MUST represent a valid URI-reference"
              },
              "duration": 262,
              "state": "failed",
              "err": {
                "name": "AssertionError",
                "message": "expected 'error' to equal 'success'",
                "showDiff": true,
                "actual": "error",
                "expected": "success",
                "operator": "strictEqual",
                "stack": "AssertionError: expected 'error' to equal 'success'\n    at should.equal (node_modules/chai/lib/chai/interface/should.js:98:35)\n    at Context.<anonymous> (file:///home/runner/work/vc-json-schema-test-suite/vc-json-schema-test-suite/tests/jsonschema.js:54:18)"
              }
            },
            {
              "type": "test",
              "title": "3.1.2, 4 The $schema property MUST be present in each schema",
              "body": "async function() {\n          await generateTestResults(i.name, schemaVersionName, jsonSchemaType, this.test.title);\n          this.test.cell = {columnId: i.name, rowId: this.test.title};\n          const result = await checkTestResults(i.name, schemaVersionName, jsonSchemaType, this.test.title);\n          should.equal(result, TestResult.success);\n        }",
              "async": 0,
              "sync": true,
              "_timeout": 150000,
              "_slow": 75,
              "_retries": -1,
              "timedOut": false,
              "_currentRetry": 0,
              "pending": false,
              "file": "/home/runner/work/vc-json-schema-test-suite/vc-json-schema-test-suite/tests/jsonschema.js",
              "parent": "BXnLvuqQhAHEFDujivy5s",
              "ctx": null,
              "_testId": "urn:uuid:fec9b97b-be30-4656-b21e-a1c41b7264f8",
              "_events": {},
              "_eventsCount": 1,
              "timer": {
                "_idleTimeout": -1,
                "_idlePrev": null,
                "_idleNext": null,
                "_idleStart": 2336,
                "_onTimeout": null,
                "_repeat": null,
                "_destroyed": true
              },
              "cell": {
                "columnId": "tbd",
                "rowId": "3.1.2, 4 The $schema property MUST be present in each schema"
              },
              "duration": 215,
              "state": "failed",
              "err": {
                "name": "AssertionError",
                "message": "expected 'error' to equal 'success'",
                "showDiff": true,
                "actual": "error",
                "expected": "success",
                "operator": "strictEqual",
                "stack": "AssertionError: expected 'error' to equal 'success'\n    at should.equal (node_modules/chai/lib/chai/interface/should.js:98:35)\n    at Context.<anonymous> (file:///home/runner/work/vc-json-schema-test-suite/vc-json-schema-test-suite/tests/jsonschema.js:62:18)"
              }
            },
            {
              "type": "test",
              "title": "4.2 (Success) Validation MUST result in one of the following three possible outcomes: success, failure, or indeterminate.",
              "body": "async function() {\n          await generateTestResults(i.name, schemaVersionName, jsonSchemaType, this.test.title);\n          this.test.cell = {columnId: i.name, rowId: this.test.title};\n          const result = await checkTestResults(i.name, schemaVersionName, jsonSchemaType, this.test.title);\n          should.equal(result, TestResult.success);\n        }",
              "async": 0,
              "sync": true,
              "_timeout": 150000,
              "_slow": 75,
              "_retries": -1,
              "timedOut": false,
              "_currentRetry": 0,
              "pending": false,
              "file": "/home/runner/work/vc-json-schema-test-suite/vc-json-schema-test-suite/tests/jsonschema.js",
              "parent": "BXnLvuqQhAHEFDujivy5s",
              "ctx": null,
              "_testId": "urn:uuid:f50a8d27-e098-448f-9bb2-3b49cbf022c3",
              "_events": {},
              "_eventsCount": 1,
              "timer": {
                "_idleTimeout": -1,
                "_idlePrev": null,
                "_idleNext": null,
                "_idleStart": 2553,
                "_onTimeout": null,
                "_repeat": null,
                "_destroyed": true
              },
              "cell": {
                "columnId": "tbd",
                "rowId": "4.2 (Success) Validation MUST result in one of the following three possible outcomes: success, failure, or indeterminate."
              },
              "duration": 185,
              "state": "failed",
              "err": {
                "name": "AssertionError",
                "message": "expected 'error' to equal 'success'",
                "showDiff": true,
                "actual": "error",
                "expected": "success",
                "operator": "strictEqual",
                "stack": "AssertionError: expected 'error' to equal 'success'\n    at should.equal (node_modules/chai/lib/chai/interface/should.js:98:35)\n    at Context.<anonymous> (file:///home/runner/work/vc-json-schema-test-suite/vc-json-schema-test-suite/tests/jsonschema.js:69:18)"
              }
            },
            {
              "type": "test",
              "title": "4.2 (Failure) Validation MUST result in one of the following three possible outcomes: success, failure, or indeterminate.",
              "body": "async function() {\n          await generateTestResults(i.name, schemaVersionName, jsonSchemaType, this.test.title);\n          this.test.cell = {columnId: i.name, rowId: this.test.title};\n          const result = await checkTestResults(i.name, schemaVersionName, jsonSchemaType, this.test.title);\n          should.equal(result, TestResult.success);\n        }",
              "async": 0,
              "sync": true,
              "_timeout": 150000,
              "_slow": 75,
              "_retries": -1,
              "timedOut": false,
              "_currentRetry": 0,
              "pending": false,
              "file": "/home/runner/work/vc-json-schema-test-suite/vc-json-schema-test-suite/tests/jsonschema.js",
              "parent": "BXnLvuqQhAHEFDujivy5s",
              "ctx": null,
              "_testId": "urn:uuid:3c3fe856-7adb-4ad8-aba9-dcc1e92de24a",
              "_events": {},
              "_eventsCount": 1,
              "timer": {
                "_idleTimeout": -1,
                "_idlePrev": null,
                "_idleNext": null,
                "_idleStart": 2738,
                "_onTimeout": null,
                "_repeat": null,
                "_destroyed": true
              },
              "cell": {
                "columnId": "tbd",
                "rowId": "4.2 (Failure) Validation MUST result in one of the following three possible outcomes: success, failure, or indeterminate."
              },
              "duration": 185,
              "state": "failed",
              "err": {
                "name": "AssertionError",
                "message": "expected 'error' to equal 'success'",
                "showDiff": true,
                "actual": "error",
                "expected": "success",
                "operator": "strictEqual",
                "stack": "AssertionError: expected 'error' to equal 'success'\n    at should.equal (node_modules/chai/lib/chai/interface/should.js:98:35)\n    at Context.<anonymous> (file:///home/runner/work/vc-json-schema-test-suite/vc-json-schema-test-suite/tests/jsonschema.js:76:18)"
              }
            },
            {
              "type": "test",
              "title": "4.2 (Indeterminate) Validation MUST result in one of the following three possible outcomes: success, failure, or indeterminate.",
              "body": "async function() {\n          await generateTestResults(i.name, schemaVersionName, jsonSchemaType, this.test.title);\n          this.test.cell = {columnId: i.name, rowId: this.test.title};\n          const result = await checkTestResults(i.name, schemaVersionName, jsonSchemaType, this.test.title);\n          should.equal(result, TestResult.success);\n        }",
              "async": 0,
              "sync": true,
              "_timeout": 150000,
              "_slow": 75,
              "_retries": -1,
              "timedOut": false,
              "_currentRetry": 0,
              "pending": false,
              "file": "/home/runner/work/vc-json-schema-test-suite/vc-json-schema-test-suite/tests/jsonschema.js",
              "parent": "BXnLvuqQhAHEFDujivy5s",
              "ctx": null,
              "_testId": "urn:uuid:53139a4c-280f-4301-b431-d70ffb2d37d8",
              "_events": {},
              "_eventsCount": 1,
              "timer": {
                "_idleTimeout": -1,
                "_idlePrev": null,
                "_idleNext": null,
                "_idleStart": 2922,
                "_onTimeout": null,
                "_repeat": null,
                "_destroyed": true
              },
              "cell": {
                "columnId": "tbd",
                "rowId": "4.2 (Indeterminate) Validation MUST result in one of the following three possible outcomes: success, failure, or indeterminate."
              },
              "duration": 183,
              "state": "failed",
              "err": {
                "name": "AssertionError",
                "message": "expected 'error' to equal 'success'",
                "showDiff": true,
                "actual": "error",
                "expected": "success",
                "operator": "strictEqual",
                "stack": "AssertionError: expected 'error' to equal 'success'\n    at should.equal (node_modules/chai/lib/chai/interface/should.js:98:35)\n    at Context.<anonymous> (file:///home/runner/work/vc-json-schema-test-suite/vc-json-schema-test-suite/tests/jsonschema.js:83:18)"
              }
            }
          ],
          "root": false,
          "pending": false,
          "_retries": -1,
          "_beforeEach": [],
          "_beforeAll": [],
          "_afterEach": [],
          "_afterAll": [],
          "_timeout": 150000,
          "_slow": 75,
          "_bail": false,
          "_onlyTests": [],
          "_onlySuites": [],
          "delayed": false,
          "parent": "WRohQujv392Jr1RCa5NtE",
          "file": "/home/runner/work/vc-json-schema-test-suite/vc-json-schema-test-suite/tests/jsonschema.js",
          "_testId": "urn:uuid:db1aeff7-1866-451d-bb50-07b929a0977e"
        }
      ],
      "tests": [
        {
          "type": "test",
          "title": "2.1 ID - The value MUST be a URL that identifies the schema associated with the verifiable credential.",
          "body": "async function() {\n          await generateTestResults(i.name, schemaVersionName, jsonSchemaType, this.test.title);\n          this.test.cell = {columnId: i.name, rowId: this.test.title};\n          const result = await checkTestResults(i.name, schemaVersionName, jsonSchemaType, this.test.title);\n          should.equal(result, TestResult.success);\n        }",
          "async": 0,
          "sync": true,
          "_timeout": 150000,
          "_slow": 75,
          "_retries": -1,
          "timedOut": false,
          "_currentRetry": 0,
          "pending": false,
          "file": "/home/runner/work/vc-json-schema-test-suite/vc-json-schema-test-suite/tests/jsonschema.js",
          "parent": "BXnLvuqQhAHEFDujivy5s",
          "ctx": null,
          "_testId": "urn:uuid:08d906cd-6d3c-40dd-85c0-096f64bbea67",
          "_events": {},
          "_eventsCount": 1,
          "timer": {
            "_idleTimeout": -1,
            "_idlePrev": null,
            "_idleNext": null,
            "_idleStart": 1639,
            "_onTimeout": null,
            "_repeat": null,
            "_destroyed": true
          },
          "cell": {
            "columnId": "tbd",
            "rowId": "2.1 ID - The value MUST be a URL that identifies the schema associated with the verifiable credential."
          },
          "duration": 217,
          "state": "failed",
          "err": {
            "name": "AssertionError",
            "message": "expected 'error' to equal 'success'",
            "showDiff": true,
            "actual": "error",
            "expected": "success",
            "operator": "strictEqual",
            "stack": "AssertionError: expected 'error' to equal 'success'\n    at should.equal (node_modules/chai/lib/chai/interface/should.js:98:35)\n    at Context.<anonymous> (file:///home/runner/work/vc-json-schema-test-suite/vc-json-schema-test-suite/tests/jsonschema.js:31:18)"
          }
        },
        {
          "type": "test",
          "title": "2.1 The type property MUST be JsonSchema.",
          "body": "async function() {\n          await generateTestResults(i.name, schemaVersionName, jsonSchemaType, this.test.title);\n          this.test.cell = {columnId: i.name, rowId: this.test.title};\n          const result = await checkTestResults(i.name, schemaVersionName, jsonSchemaType, this.test.title);\n          should.equal(result, TestResult.success);\n        }",
          "async": 0,
          "sync": true,
          "_timeout": 150000,
          "_slow": 75,
          "_retries": -1,
          "timedOut": false,
          "_currentRetry": 0,
          "pending": false,
          "file": "/home/runner/work/vc-json-schema-test-suite/vc-json-schema-test-suite/tests/jsonschema.js",
          "parent": "BXnLvuqQhAHEFDujivy5s",
          "ctx": null,
          "_testId": "urn:uuid:7cd5f5ff-02a8-4e26-99d6-4d4b3f765553",
          "_events": {},
          "_eventsCount": 1,
          "timer": {
            "_idleTimeout": -1,
            "_idlePrev": null,
            "_idleNext": null,
            "_idleStart": 1856,
            "_onTimeout": null,
            "_repeat": null,
            "_destroyed": true
          },
          "cell": {
            "columnId": "tbd",
            "rowId": "2.1 The type property MUST be JsonSchema."
          },
          "duration": 218,
          "state": "failed",
          "err": {
            "name": "AssertionError",
            "message": "expected 'error' to equal 'success'",
            "showDiff": true,
            "actual": "error",
            "expected": "success",
            "operator": "strictEqual",
            "stack": "AssertionError: expected 'error' to equal 'success'\n    at should.equal (node_modules/chai/lib/chai/interface/should.js:98:35)\n    at Context.<anonymous> (file:///home/runner/work/vc-json-schema-test-suite/vc-json-schema-test-suite/tests/jsonschema.js:38:18)"
          }
        },
        {
          "type": "test",
          "title": "3 Implementers MUST provide support for JSON Schema specifications where, in the following table, the required column's value is yes",
          "body": "function() {\n          this.test.cell = {columnId: i.name, rowId: this.test.title};\n          if (schemaVersionName === JsonSchemaVersions['202012']) {\n            should.equal(true, true);\n          } else {\n            this.skip();\n          }\n        }",
          "async": 0,
          "sync": true,
          "_timeout": 150000,
          "_slow": 75,
          "_retries": -1,
          "timedOut": false,
          "_currentRetry": 0,
          "pending": false,
          "file": "/home/runner/work/vc-json-schema-test-suite/vc-json-schema-test-suite/tests/jsonschema.js",
          "parent": "BXnLvuqQhAHEFDujivy5s",
          "ctx": null,
          "_testId": "urn:uuid:347e4086-1bdd-466d-914a-4bcc900969f5",
          "_events": {},
          "_eventsCount": 1,
          "cell": {
            "columnId": "tbd",
            "rowId": "3 Implementers MUST provide support for JSON Schema specifications where, in the following table, the required column's value is yes"
          },
          "duration": 1,
          "state": "passed",
          "speed": "fast"
        },
        {
          "type": "test",
          "title": "3.1.1 The $id MUST be present and its value MUST represent a valid URI-reference",
          "body": "async function() {\n          await generateTestResults(i.name, schemaVersionName, jsonSchemaType, this.test.title);\n          this.test.cell = {columnId: i.name, rowId: this.test.title};\n          const result = await checkTestResults(i.name, schemaVersionName, jsonSchemaType, this.test.title);\n          should.equal(result, TestResult.success);\n        }",
          "async": 0,
          "sync": true,
          "_timeout": 150000,
          "_slow": 75,
          "_retries": -1,
          "timedOut": false,
          "_currentRetry": 0,
          "pending": false,
          "file": "/home/runner/work/vc-json-schema-test-suite/vc-json-schema-test-suite/tests/jsonschema.js",
          "parent": "BXnLvuqQhAHEFDujivy5s",
          "ctx": null,
          "_testId": "urn:uuid:49f0f00a-98a1-4ed7-b884-5952a5a6cfea",
          "_events": {},
          "_eventsCount": 1,
          "timer": {
            "_idleTimeout": -1,
            "_idlePrev": null,
            "_idleNext": null,
            "_idleStart": 2072,
            "_onTimeout": null,
            "_repeat": null,
            "_destroyed": true
          },
          "cell": {
            "columnId": "tbd",
            "rowId": "3.1.1 The $id MUST be present and its value MUST represent a valid URI-reference"
          },
          "duration": 262,
          "state": "failed",
          "err": {
            "name": "AssertionError",
            "message": "expected 'error' to equal 'success'",
            "showDiff": true,
            "actual": "error",
            "expected": "success",
            "operator": "strictEqual",
            "stack": "AssertionError: expected 'error' to equal 'success'\n    at should.equal (node_modules/chai/lib/chai/interface/should.js:98:35)\n    at Context.<anonymous> (file:///home/runner/work/vc-json-schema-test-suite/vc-json-schema-test-suite/tests/jsonschema.js:54:18)"
          }
        },
        {
          "type": "test",
          "title": "3.1.2, 4 The $schema property MUST be present in each schema",
          "body": "async function() {\n          await generateTestResults(i.name, schemaVersionName, jsonSchemaType, this.test.title);\n          this.test.cell = {columnId: i.name, rowId: this.test.title};\n          const result = await checkTestResults(i.name, schemaVersionName, jsonSchemaType, this.test.title);\n          should.equal(result, TestResult.success);\n        }",
          "async": 0,
          "sync": true,
          "_timeout": 150000,
          "_slow": 75,
          "_retries": -1,
          "timedOut": false,
          "_currentRetry": 0,
          "pending": false,
          "file": "/home/runner/work/vc-json-schema-test-suite/vc-json-schema-test-suite/tests/jsonschema.js",
          "parent": "BXnLvuqQhAHEFDujivy5s",
          "ctx": null,
          "_testId": "urn:uuid:fec9b97b-be30-4656-b21e-a1c41b7264f8",
          "_events": {},
          "_eventsCount": 1,
          "timer": {
            "_idleTimeout": -1,
            "_idlePrev": null,
            "_idleNext": null,
            "_idleStart": 2336,
            "_onTimeout": null,
            "_repeat": null,
            "_destroyed": true
          },
          "cell": {
            "columnId": "tbd",
            "rowId": "3.1.2, 4 The $schema property MUST be present in each schema"
          },
          "duration": 215,
          "state": "failed",
          "err": {
            "name": "AssertionError",
            "message": "expected 'error' to equal 'success'",
            "showDiff": true,
            "actual": "error",
            "expected": "success",
            "operator": "strictEqual",
            "stack": "AssertionError: expected 'error' to equal 'success'\n    at should.equal (node_modules/chai/lib/chai/interface/should.js:98:35)\n    at Context.<anonymous> (file:///home/runner/work/vc-json-schema-test-suite/vc-json-schema-test-suite/tests/jsonschema.js:62:18)"
          }
        },
        {
          "type": "test",
          "title": "4.2 (Success) Validation MUST result in one of the following three possible outcomes: success, failure, or indeterminate.",
          "body": "async function() {\n          await generateTestResults(i.name, schemaVersionName, jsonSchemaType, this.test.title);\n          this.test.cell = {columnId: i.name, rowId: this.test.title};\n          const result = await checkTestResults(i.name, schemaVersionName, jsonSchemaType, this.test.title);\n          should.equal(result, TestResult.success);\n        }",
          "async": 0,
          "sync": true,
          "_timeout": 150000,
          "_slow": 75,
          "_retries": -1,
          "timedOut": false,
          "_currentRetry": 0,
          "pending": false,
          "file": "/home/runner/work/vc-json-schema-test-suite/vc-json-schema-test-suite/tests/jsonschema.js",
          "parent": "BXnLvuqQhAHEFDujivy5s",
          "ctx": null,
          "_testId": "urn:uuid:f50a8d27-e098-448f-9bb2-3b49cbf022c3",
          "_events": {},
          "_eventsCount": 1,
          "timer": {
            "_idleTimeout": -1,
            "_idlePrev": null,
            "_idleNext": null,
            "_idleStart": 2553,
            "_onTimeout": null,
            "_repeat": null,
            "_destroyed": true
          },
          "cell": {
            "columnId": "tbd",
            "rowId": "4.2 (Success) Validation MUST result in one of the following three possible outcomes: success, failure, or indeterminate."
          },
          "duration": 185,
          "state": "failed",
          "err": {
            "name": "AssertionError",
            "message": "expected 'error' to equal 'success'",
            "showDiff": true,
            "actual": "error",
            "expected": "success",
            "operator": "strictEqual",
            "stack": "AssertionError: expected 'error' to equal 'success'\n    at should.equal (node_modules/chai/lib/chai/interface/should.js:98:35)\n    at Context.<anonymous> (file:///home/runner/work/vc-json-schema-test-suite/vc-json-schema-test-suite/tests/jsonschema.js:69:18)"
          }
        },
        {
          "type": "test",
          "title": "4.2 (Failure) Validation MUST result in one of the following three possible outcomes: success, failure, or indeterminate.",
          "body": "async function() {\n          await generateTestResults(i.name, schemaVersionName, jsonSchemaType, this.test.title);\n          this.test.cell = {columnId: i.name, rowId: this.test.title};\n          const result = await checkTestResults(i.name, schemaVersionName, jsonSchemaType, this.test.title);\n          should.equal(result, TestResult.success);\n        }",
          "async": 0,
          "sync": true,
          "_timeout": 150000,
          "_slow": 75,
          "_retries": -1,
          "timedOut": false,
          "_currentRetry": 0,
          "pending": false,
          "file": "/home/runner/work/vc-json-schema-test-suite/vc-json-schema-test-suite/tests/jsonschema.js",
          "parent": "BXnLvuqQhAHEFDujivy5s",
          "ctx": null,
          "_testId": "urn:uuid:3c3fe856-7adb-4ad8-aba9-dcc1e92de24a",
          "_events": {},
          "_eventsCount": 1,
          "timer": {
            "_idleTimeout": -1,
            "_idlePrev": null,
            "_idleNext": null,
            "_idleStart": 2738,
            "_onTimeout": null,
            "_repeat": null,
            "_destroyed": true
          },
          "cell": {
            "columnId": "tbd",
            "rowId": "4.2 (Failure) Validation MUST result in one of the following three possible outcomes: success, failure, or indeterminate."
          },
          "duration": 185,
          "state": "failed",
          "err": {
            "name": "AssertionError",
            "message": "expected 'error' to equal 'success'",
            "showDiff": true,
            "actual": "error",
            "expected": "success",
            "operator": "strictEqual",
            "stack": "AssertionError: expected 'error' to equal 'success'\n    at should.equal (node_modules/chai/lib/chai/interface/should.js:98:35)\n    at Context.<anonymous> (file:///home/runner/work/vc-json-schema-test-suite/vc-json-schema-test-suite/tests/jsonschema.js:76:18)"
          }
        },
        {
          "type": "test",
          "title": "4.2 (Indeterminate) Validation MUST result in one of the following three possible outcomes: success, failure, or indeterminate.",
          "body": "async function() {\n          await generateTestResults(i.name, schemaVersionName, jsonSchemaType, this.test.title);\n          this.test.cell = {columnId: i.name, rowId: this.test.title};\n          const result = await checkTestResults(i.name, schemaVersionName, jsonSchemaType, this.test.title);\n          should.equal(result, TestResult.success);\n        }",
          "async": 0,
          "sync": true,
          "_timeout": 150000,
          "_slow": 75,
          "_retries": -1,
          "timedOut": false,
          "_currentRetry": 0,
          "pending": false,
          "file": "/home/runner/work/vc-json-schema-test-suite/vc-json-schema-test-suite/tests/jsonschema.js",
          "parent": "BXnLvuqQhAHEFDujivy5s",
          "ctx": null,
          "_testId": "urn:uuid:53139a4c-280f-4301-b431-d70ffb2d37d8",
          "_events": {},
          "_eventsCount": 1,
          "timer": {
            "_idleTimeout": -1,
            "_idlePrev": null,
            "_idleNext": null,
            "_idleStart": 2922,
            "_onTimeout": null,
            "_repeat": null,
            "_destroyed": true
          },
          "cell": {
            "columnId": "tbd",
            "rowId": "4.2 (Indeterminate) Validation MUST result in one of the following three possible outcomes: success, failure, or indeterminate."
          },
          "duration": 183,
          "state": "failed",
          "err": {
            "name": "AssertionError",
            "message": "expected 'error' to equal 'success'",
            "showDiff": true,
            "actual": "error",
            "expected": "success",
            "operator": "strictEqual",
            "stack": "AssertionError: expected 'error' to equal 'success'\n    at should.equal (node_modules/chai/lib/chai/interface/should.js:98:35)\n    at Context.<anonymous> (file:///home/runner/work/vc-json-schema-test-suite/vc-json-schema-test-suite/tests/jsonschema.js:83:18)"
          }
        }
      ],
      "root": false,
      "pending": false,
      "_retries": -1,
      "_beforeEach": [],
      "_beforeAll": [],
      "_afterEach": [],
      "_afterAll": [],
      "_timeout": 150000,
      "_slow": 75,
      "_bail": false,
      "_onlyTests": [],
      "_onlySuites": [],
      "delayed": false,
      "parent": "1BN0fXcmb6_5EVc4yKLcb",
      "file": "/home/runner/work/vc-json-schema-test-suite/vc-json-schema-test-suite/tests/jsonschema.js",
      "matrix": true,
      "report": true,
      "implemented": [
        "tbd"
      ],
      "rowLabel": "Test Name",
      "columnLabel": "Implementation",
      "_testId": "urn:uuid:cf05c3d4-fdb3-4026-ba30-be3d6058fd41"
    },
    {
      "title": "JsonSchema – JSON Schema Draft-7",
      "ctx": null,
      "suites": [
        {
          "title": "tbd",
          "ctx": null,
          "suites": [],
          "tests": [
            {
              "type": "test",
              "title": "2.1 ID - The value MUST be a URL that identifies the schema associated with the verifiable credential.",
              "body": "async function() {\n          await generateTestResults(i.name, schemaVersionName, jsonSchemaType, this.test.title);\n          this.test.cell = {columnId: i.name, rowId: this.test.title};\n          const result = await checkTestResults(i.name, schemaVersionName, jsonSchemaType, this.test.title);\n          should.equal(result, TestResult.success);\n        }",
              "async": 0,
              "sync": true,
              "_timeout": 150000,
              "_slow": 75,
              "_retries": -1,
              "timedOut": false,
              "_currentRetry": 0,
              "pending": false,
              "file": "/home/runner/work/vc-json-schema-test-suite/vc-json-schema-test-suite/tests/jsonschema.js",
              "parent": "ZrDahAA_j_RtHwkXI8XWS",
              "ctx": null,
              "_testId": "urn:uuid:a65b7d41-0be6-48e1-bb0c-1b4177680307",
              "_events": {},
              "_eventsCount": 1,
              "timer": {
                "_idleTimeout": -1,
                "_idlePrev": null,
                "_idleNext": null,
                "_idleStart": 3105,
                "_onTimeout": null,
                "_repeat": null,
                "_destroyed": true
              },
              "cell": {
                "columnId": "tbd",
                "rowId": "2.1 ID - The value MUST be a URL that identifies the schema associated with the verifiable credential."
              },
              "duration": 212,
              "state": "failed",
              "err": {
                "name": "AssertionError",
                "message": "expected 'error' to equal 'success'",
                "showDiff": true,
                "actual": "error",
                "expected": "success",
                "operator": "strictEqual",
                "stack": "AssertionError: expected 'error' to equal 'success'\n    at should.equal (node_modules/chai/lib/chai/interface/should.js:98:35)\n    at Context.<anonymous> (file:///home/runner/work/vc-json-schema-test-suite/vc-json-schema-test-suite/tests/jsonschema.js:31:18)"
              }
            },
            {
              "type": "test",
              "title": "2.1 The type property MUST be JsonSchema.",
              "body": "async function() {\n          await generateTestResults(i.name, schemaVersionName, jsonSchemaType, this.test.title);\n          this.test.cell = {columnId: i.name, rowId: this.test.title};\n          const result = await checkTestResults(i.name, schemaVersionName, jsonSchemaType, this.test.title);\n          should.equal(result, TestResult.success);\n        }",
              "async": 0,
              "sync": true,
              "_timeout": 150000,
              "_slow": 75,
              "_retries": -1,
              "timedOut": false,
              "_currentRetry": 0,
              "pending": false,
              "file": "/home/runner/work/vc-json-schema-test-suite/vc-json-schema-test-suite/tests/jsonschema.js",
              "parent": "ZrDahAA_j_RtHwkXI8XWS",
              "ctx": null,
              "_testId": "urn:uuid:7cdee52d-114d-419a-9f0f-9a1e564c80e7",
              "_events": {},
              "_eventsCount": 1,
              "timer": {
                "_idleTimeout": -1,
                "_idlePrev": null,
                "_idleNext": null,
                "_idleStart": 3318,
                "_onTimeout": null,
                "_repeat": null,
                "_destroyed": true
              },
              "cell": {
                "columnId": "tbd",
                "rowId": "2.1 The type property MUST be JsonSchema."
              },
              "duration": 213,
              "state": "failed",
              "err": {
                "name": "AssertionError",
                "message": "expected 'error' to equal 'success'",
                "showDiff": true,
                "actual": "error",
                "expected": "success",
                "operator": "strictEqual",
                "stack": "AssertionError: expected 'error' to equal 'success'\n    at should.equal (node_modules/chai/lib/chai/interface/should.js:98:35)\n    at Context.<anonymous> (file:///home/runner/work/vc-json-schema-test-suite/vc-json-schema-test-suite/tests/jsonschema.js:38:18)"
              }
            },
            {
              "type": "test",
              "title": "3 Implementers MUST provide support for JSON Schema specifications where, in the following table, the required column's value is yes",
              "body": "function() {\n          this.test.cell = {columnId: i.name, rowId: this.test.title};\n          if (schemaVersionName === JsonSchemaVersions['202012']) {\n            should.equal(true, true);\n          } else {\n            this.skip();\n          }\n        }",
              "async": 0,
              "sync": true,
              "_timeout": 150000,
              "_slow": 75,
              "_retries": -1,
              "timedOut": false,
              "_currentRetry": 0,
              "pending": true,
              "file": "/home/runner/work/vc-json-schema-test-suite/vc-json-schema-test-suite/tests/jsonschema.js",
              "parent": "ZrDahAA_j_RtHwkXI8XWS",
              "ctx": null,
              "_testId": "urn:uuid:e2fef183-59df-4c61-8a02-ca1654078028",
              "_events": {},
              "_eventsCount": 1,
              "cell": {
                "columnId": "tbd",
                "rowId": "3 Implementers MUST provide support for JSON Schema specifications where, in the following table, the required column's value is yes"
              },
              "duration": 0,
              "state": "pending"
            },
            {
              "type": "test",
              "title": "3.1.1 The $id MUST be present and its value MUST represent a valid URI-reference",
              "body": "async function() {\n          await generateTestResults(i.name, schemaVersionName, jsonSchemaType, this.test.title);\n          this.test.cell = {columnId: i.name, rowId: this.test.title};\n          const result = await checkTestResults(i.name, schemaVersionName, jsonSchemaType, this.test.title);\n          should.equal(result, TestResult.success);\n        }",
              "async": 0,
              "sync": true,
              "_timeout": 150000,
              "_slow": 75,
              "_retries": -1,
              "timedOut": false,
              "_currentRetry": 0,
              "pending": false,
              "file": "/home/runner/work/vc-json-schema-test-suite/vc-json-schema-test-suite/tests/jsonschema.js",
              "parent": "ZrDahAA_j_RtHwkXI8XWS",
              "ctx": null,
              "_testId": "urn:uuid:e287acba-eeb7-4ddf-994c-8c026b7cf73c",
              "_events": {},
              "_eventsCount": 1,
              "timer": {
                "_idleTimeout": -1,
                "_idlePrev": null,
                "_idleNext": null,
                "_idleStart": 3532,
                "_onTimeout": null,
                "_repeat": null,
                "_destroyed": true
              },
              "cell": {
                "columnId": "tbd",
                "rowId": "3.1.1 The $id MUST be present and its value MUST represent a valid URI-reference"
              },
              "duration": 245,
              "state": "failed",
              "err": {
                "name": "AssertionError",
                "message": "expected 'error' to equal 'success'",
                "showDiff": true,
                "actual": "error",
                "expected": "success",
                "operator": "strictEqual",
                "stack": "AssertionError: expected 'error' to equal 'success'\n    at should.equal (node_modules/chai/lib/chai/interface/should.js:98:35)\n    at Context.<anonymous> (file:///home/runner/work/vc-json-schema-test-suite/vc-json-schema-test-suite/tests/jsonschema.js:54:18)"
              }
            },
            {
              "type": "test",
              "title": "3.1.2, 4 The $schema property MUST be present in each schema",
              "body": "async function() {\n          await generateTestResults(i.name, schemaVersionName, jsonSchemaType, this.test.title);\n          this.test.cell = {columnId: i.name, rowId: this.test.title};\n          const result = await checkTestResults(i.name, schemaVersionName, jsonSchemaType, this.test.title);\n          should.equal(result, TestResult.success);\n        }",
              "async": 0,
              "sync": true,
              "_timeout": 150000,
              "_slow": 75,
              "_retries": -1,
              "timedOut": false,
              "_currentRetry": 0,
              "pending": false,
              "file": "/home/runner/work/vc-json-schema-test-suite/vc-json-schema-test-suite/tests/jsonschema.js",
              "parent": "ZrDahAA_j_RtHwkXI8XWS",
              "ctx": null,
              "_testId": "urn:uuid:c6a9b0c3-6012-4425-940c-f276fd537511",
              "_events": {},
              "_eventsCount": 1,
              "timer": {
                "_idleTimeout": -1,
                "_idlePrev": null,
                "_idleNext": null,
                "_idleStart": 3781,
                "_onTimeout": null,
                "_repeat": null,
                "_destroyed": true
              },
              "cell": {
                "columnId": "tbd",
                "rowId": "3.1.2, 4 The $schema property MUST be present in each schema"
              },
              "duration": 217,
              "state": "failed",
              "err": {
                "name": "AssertionError",
                "message": "expected 'error' to equal 'success'",
                "showDiff": true,
                "actual": "error",
                "expected": "success",
                "operator": "strictEqual",
                "stack": "AssertionError: expected 'error' to equal 'success'\n    at should.equal (node_modules/chai/lib/chai/interface/should.js:98:35)\n    at Context.<anonymous> (file:///home/runner/work/vc-json-schema-test-suite/vc-json-schema-test-suite/tests/jsonschema.js:62:18)"
              }
            },
            {
              "type": "test",
              "title": "4.2 (Success) Validation MUST result in one of the following three possible outcomes: success, failure, or indeterminate.",
              "body": "async function() {\n          await generateTestResults(i.name, schemaVersionName, jsonSchemaType, this.test.title);\n          this.test.cell = {columnId: i.name, rowId: this.test.title};\n          const result = await checkTestResults(i.name, schemaVersionName, jsonSchemaType, this.test.title);\n          should.equal(result, TestResult.success);\n        }",
              "async": 0,
              "sync": true,
              "_timeout": 150000,
              "_slow": 75,
              "_retries": -1,
              "timedOut": false,
              "_currentRetry": 0,
              "pending": false,
              "file": "/home/runner/work/vc-json-schema-test-suite/vc-json-schema-test-suite/tests/jsonschema.js",
              "parent": "ZrDahAA_j_RtHwkXI8XWS",
              "ctx": null,
              "_testId": "urn:uuid:a1bd3cb7-9ecd-45fb-8281-b4d5cc153408",
              "_events": {},
              "_eventsCount": 1,
              "timer": {
                "_idleTimeout": -1,
                "_idlePrev": null,
                "_idleNext": null,
                "_idleStart": 3995,
                "_onTimeout": null,
                "_repeat": null,
                "_destroyed": true
              },
              "cell": {
                "columnId": "tbd",
                "rowId": "4.2 (Success) Validation MUST result in one of the following three possible outcomes: success, failure, or indeterminate."
              },
              "duration": 185,
              "state": "failed",
              "err": {
                "name": "AssertionError",
                "message": "expected 'error' to equal 'success'",
                "showDiff": true,
                "actual": "error",
                "expected": "success",
                "operator": "strictEqual",
                "stack": "AssertionError: expected 'error' to equal 'success'\n    at should.equal (node_modules/chai/lib/chai/interface/should.js:98:35)\n    at Context.<anonymous> (file:///home/runner/work/vc-json-schema-test-suite/vc-json-schema-test-suite/tests/jsonschema.js:69:18)"
              }
            },
            {
              "type": "test",
              "title": "4.2 (Failure) Validation MUST result in one of the following three possible outcomes: success, failure, or indeterminate.",
              "body": "async function() {\n          await generateTestResults(i.name, schemaVersionName, jsonSchemaType, this.test.title);\n          this.test.cell = {columnId: i.name, rowId: this.test.title};\n          const result = await checkTestResults(i.name, schemaVersionName, jsonSchemaType, this.test.title);\n          should.equal(result, TestResult.success);\n        }",
              "async": 0,
              "sync": true,
              "_timeout": 150000,
              "_slow": 75,
              "_retries": -1,
              "timedOut": false,
              "_currentRetry": 0,
              "pending": false,
              "file": "/home/runner/work/vc-json-schema-test-suite/vc-json-schema-test-suite/tests/jsonschema.js",
              "parent": "ZrDahAA_j_RtHwkXI8XWS",
              "ctx": null,
              "_testId": "urn:uuid:2ad3eeb9-91d5-4bab-a044-16cf5455793f",
              "_events": {},
              "_eventsCount": 1,
              "timer": {
                "_idleTimeout": -1,
                "_idlePrev": null,
                "_idleNext": null,
                "_idleStart": 4181,
                "_onTimeout": null,
                "_repeat": null,
                "_destroyed": true
              },
              "cell": {
                "columnId": "tbd",
                "rowId": "4.2 (Failure) Validation MUST result in one of the following three possible outcomes: success, failure, or indeterminate."
              },
              "duration": 185,
              "state": "failed",
              "err": {
                "name": "AssertionError",
                "message": "expected 'error' to equal 'success'",
                "showDiff": true,
                "actual": "error",
                "expected": "success",
                "operator": "strictEqual",
                "stack": "AssertionError: expected 'error' to equal 'success'\n    at should.equal (node_modules/chai/lib/chai/interface/should.js:98:35)\n    at Context.<anonymous> (file:///home/runner/work/vc-json-schema-test-suite/vc-json-schema-test-suite/tests/jsonschema.js:76:18)"
              }
            },
            {
              "type": "test",
              "title": "4.2 (Indeterminate) Validation MUST result in one of the following three possible outcomes: success, failure, or indeterminate.",
              "body": "async function() {\n          await generateTestResults(i.name, schemaVersionName, jsonSchemaType, this.test.title);\n          this.test.cell = {columnId: i.name, rowId: this.test.title};\n          const result = await checkTestResults(i.name, schemaVersionName, jsonSchemaType, this.test.title);\n          should.equal(result, TestResult.success);\n        }",
              "async": 0,
              "sync": true,
              "_timeout": 150000,
              "_slow": 75,
              "_retries": -1,
              "timedOut": false,
              "_currentRetry": 0,
              "pending": false,
              "file": "/home/runner/work/vc-json-schema-test-suite/vc-json-schema-test-suite/tests/jsonschema.js",
              "parent": "ZrDahAA_j_RtHwkXI8XWS",
              "ctx": null,
              "_testId": "urn:uuid:79ad92a9-f429-4cf8-9f50-0ae7d823084f",
              "_events": {},
              "_eventsCount": 1,
              "timer": {
                "_idleTimeout": -1,
                "_idlePrev": null,
                "_idleNext": null,
                "_idleStart": 4363,
                "_onTimeout": null,
                "_repeat": null,
                "_destroyed": true
              },
              "cell": {
                "columnId": "tbd",
                "rowId": "4.2 (Indeterminate) Validation MUST result in one of the following three possible outcomes: success, failure, or indeterminate."
              },
              "duration": 181,
              "state": "failed",
              "err": {
                "name": "AssertionError",
                "message": "expected 'error' to equal 'success'",
                "showDiff": true,
                "actual": "error",
                "expected": "success",
                "operator": "strictEqual",
                "stack": "AssertionError: expected 'error' to equal 'success'\n    at should.equal (node_modules/chai/lib/chai/interface/should.js:98:35)\n    at Context.<anonymous> (file:///home/runner/work/vc-json-schema-test-suite/vc-json-schema-test-suite/tests/jsonschema.js:83:18)"
              }
            }
          ],
          "root": false,
          "pending": false,
          "_retries": -1,
          "_beforeEach": [],
          "_beforeAll": [],
          "_afterEach": [],
          "_afterAll": [],
          "_timeout": 150000,
          "_slow": 75,
          "_bail": false,
          "_onlyTests": [],
          "_onlySuites": [],
          "delayed": false,
          "parent": "rX45VDNEsIQYmbbh-q7QS",
          "file": "/home/runner/work/vc-json-schema-test-suite/vc-json-schema-test-suite/tests/jsonschema.js",
          "_testId": "urn:uuid:69dab838-5385-49c1-aca7-a7148e19cf78"
        }
      ],
      "tests": [
        {
          "type": "test",
          "title": "2.1 ID - The value MUST be a URL that identifies the schema associated with the verifiable credential.",
          "body": "async function() {\n          await generateTestResults(i.name, schemaVersionName, jsonSchemaType, this.test.title);\n          this.test.cell = {columnId: i.name, rowId: this.test.title};\n          const result = await checkTestResults(i.name, schemaVersionName, jsonSchemaType, this.test.title);\n          should.equal(result, TestResult.success);\n        }",
          "async": 0,
          "sync": true,
          "_timeout": 150000,
          "_slow": 75,
          "_retries": -1,
          "timedOut": false,
          "_currentRetry": 0,
          "pending": false,
          "file": "/home/runner/work/vc-json-schema-test-suite/vc-json-schema-test-suite/tests/jsonschema.js",
          "parent": "ZrDahAA_j_RtHwkXI8XWS",
          "ctx": null,
          "_testId": "urn:uuid:a65b7d41-0be6-48e1-bb0c-1b4177680307",
          "_events": {},
          "_eventsCount": 1,
          "timer": {
            "_idleTimeout": -1,
            "_idlePrev": null,
            "_idleNext": null,
            "_idleStart": 3105,
            "_onTimeout": null,
            "_repeat": null,
            "_destroyed": true
          },
          "cell": {
            "columnId": "tbd",
            "rowId": "2.1 ID - The value MUST be a URL that identifies the schema associated with the verifiable credential."
          },
          "duration": 212,
          "state": "failed",
          "err": {
            "name": "AssertionError",
            "message": "expected 'error' to equal 'success'",
            "showDiff": true,
            "actual": "error",
            "expected": "success",
            "operator": "strictEqual",
            "stack": "AssertionError: expected 'error' to equal 'success'\n    at should.equal (node_modules/chai/lib/chai/interface/should.js:98:35)\n    at Context.<anonymous> (file:///home/runner/work/vc-json-schema-test-suite/vc-json-schema-test-suite/tests/jsonschema.js:31:18)"
          }
        },
        {
          "type": "test",
          "title": "2.1 The type property MUST be JsonSchema.",
          "body": "async function() {\n          await generateTestResults(i.name, schemaVersionName, jsonSchemaType, this.test.title);\n          this.test.cell = {columnId: i.name, rowId: this.test.title};\n          const result = await checkTestResults(i.name, schemaVersionName, jsonSchemaType, this.test.title);\n          should.equal(result, TestResult.success);\n        }",
          "async": 0,
          "sync": true,
          "_timeout": 150000,
          "_slow": 75,
          "_retries": -1,
          "timedOut": false,
          "_currentRetry": 0,
          "pending": false,
          "file": "/home/runner/work/vc-json-schema-test-suite/vc-json-schema-test-suite/tests/jsonschema.js",
          "parent": "ZrDahAA_j_RtHwkXI8XWS",
          "ctx": null,
          "_testId": "urn:uuid:7cdee52d-114d-419a-9f0f-9a1e564c80e7",
          "_events": {},
          "_eventsCount": 1,
          "timer": {
            "_idleTimeout": -1,
            "_idlePrev": null,
            "_idleNext": null,
            "_idleStart": 3318,
            "_onTimeout": null,
            "_repeat": null,
            "_destroyed": true
          },
          "cell": {
            "columnId": "tbd",
            "rowId": "2.1 The type property MUST be JsonSchema."
          },
          "duration": 213,
          "state": "failed",
          "err": {
            "name": "AssertionError",
            "message": "expected 'error' to equal 'success'",
            "showDiff": true,
            "actual": "error",
            "expected": "success",
            "operator": "strictEqual",
            "stack": "AssertionError: expected 'error' to equal 'success'\n    at should.equal (node_modules/chai/lib/chai/interface/should.js:98:35)\n    at Context.<anonymous> (file:///home/runner/work/vc-json-schema-test-suite/vc-json-schema-test-suite/tests/jsonschema.js:38:18)"
          }
        },
        {
          "type": "test",
          "title": "3 Implementers MUST provide support for JSON Schema specifications where, in the following table, the required column's value is yes",
          "body": "function() {\n          this.test.cell = {columnId: i.name, rowId: this.test.title};\n          if (schemaVersionName === JsonSchemaVersions['202012']) {\n            should.equal(true, true);\n          } else {\n            this.skip();\n          }\n        }",
          "async": 0,
          "sync": true,
          "_timeout": 150000,
          "_slow": 75,
          "_retries": -1,
          "timedOut": false,
          "_currentRetry": 0,
          "pending": true,
          "file": "/home/runner/work/vc-json-schema-test-suite/vc-json-schema-test-suite/tests/jsonschema.js",
          "parent": "ZrDahAA_j_RtHwkXI8XWS",
          "ctx": null,
          "_testId": "urn:uuid:e2fef183-59df-4c61-8a02-ca1654078028",
          "_events": {},
          "_eventsCount": 1,
          "cell": {
            "columnId": "tbd",
            "rowId": "3 Implementers MUST provide support for JSON Schema specifications where, in the following table, the required column's value is yes"
          },
          "duration": 0,
          "state": "pending"
        },
        {
          "type": "test",
          "title": "3.1.1 The $id MUST be present and its value MUST represent a valid URI-reference",
          "body": "async function() {\n          await generateTestResults(i.name, schemaVersionName, jsonSchemaType, this.test.title);\n          this.test.cell = {columnId: i.name, rowId: this.test.title};\n          const result = await checkTestResults(i.name, schemaVersionName, jsonSchemaType, this.test.title);\n          should.equal(result, TestResult.success);\n        }",
          "async": 0,
          "sync": true,
          "_timeout": 150000,
          "_slow": 75,
          "_retries": -1,
          "timedOut": false,
          "_currentRetry": 0,
          "pending": false,
          "file": "/home/runner/work/vc-json-schema-test-suite/vc-json-schema-test-suite/tests/jsonschema.js",
          "parent": "ZrDahAA_j_RtHwkXI8XWS",
          "ctx": null,
          "_testId": "urn:uuid:e287acba-eeb7-4ddf-994c-8c026b7cf73c",
          "_events": {},
          "_eventsCount": 1,
          "timer": {
            "_idleTimeout": -1,
            "_idlePrev": null,
            "_idleNext": null,
            "_idleStart": 3532,
            "_onTimeout": null,
            "_repeat": null,
            "_destroyed": true
          },
          "cell": {
            "columnId": "tbd",
            "rowId": "3.1.1 The $id MUST be present and its value MUST represent a valid URI-reference"
          },
          "duration": 245,
          "state": "failed",
          "err": {
            "name": "AssertionError",
            "message": "expected 'error' to equal 'success'",
            "showDiff": true,
            "actual": "error",
            "expected": "success",
            "operator": "strictEqual",
            "stack": "AssertionError: expected 'error' to equal 'success'\n    at should.equal (node_modules/chai/lib/chai/interface/should.js:98:35)\n    at Context.<anonymous> (file:///home/runner/work/vc-json-schema-test-suite/vc-json-schema-test-suite/tests/jsonschema.js:54:18)"
          }
        },
        {
          "type": "test",
          "title": "3.1.2, 4 The $schema property MUST be present in each schema",
          "body": "async function() {\n          await generateTestResults(i.name, schemaVersionName, jsonSchemaType, this.test.title);\n          this.test.cell = {columnId: i.name, rowId: this.test.title};\n          const result = await checkTestResults(i.name, schemaVersionName, jsonSchemaType, this.test.title);\n          should.equal(result, TestResult.success);\n        }",
          "async": 0,
          "sync": true,
          "_timeout": 150000,
          "_slow": 75,
          "_retries": -1,
          "timedOut": false,
          "_currentRetry": 0,
          "pending": false,
          "file": "/home/runner/work/vc-json-schema-test-suite/vc-json-schema-test-suite/tests/jsonschema.js",
          "parent": "ZrDahAA_j_RtHwkXI8XWS",
          "ctx": null,
          "_testId": "urn:uuid:c6a9b0c3-6012-4425-940c-f276fd537511",
          "_events": {},
          "_eventsCount": 1,
          "timer": {
            "_idleTimeout": -1,
            "_idlePrev": null,
            "_idleNext": null,
            "_idleStart": 3781,
            "_onTimeout": null,
            "_repeat": null,
            "_destroyed": true
          },
          "cell": {
            "columnId": "tbd",
            "rowId": "3.1.2, 4 The $schema property MUST be present in each schema"
          },
          "duration": 217,
          "state": "failed",
          "err": {
            "name": "AssertionError",
            "message": "expected 'error' to equal 'success'",
            "showDiff": true,
            "actual": "error",
            "expected": "success",
            "operator": "strictEqual",
            "stack": "AssertionError: expected 'error' to equal 'success'\n    at should.equal (node_modules/chai/lib/chai/interface/should.js:98:35)\n    at Context.<anonymous> (file:///home/runner/work/vc-json-schema-test-suite/vc-json-schema-test-suite/tests/jsonschema.js:62:18)"
          }
        },
        {
          "type": "test",
          "title": "4.2 (Success) Validation MUST result in one of the following three possible outcomes: success, failure, or indeterminate.",
          "body": "async function() {\n          await generateTestResults(i.name, schemaVersionName, jsonSchemaType, this.test.title);\n          this.test.cell = {columnId: i.name, rowId: this.test.title};\n          const result = await checkTestResults(i.name, schemaVersionName, jsonSchemaType, this.test.title);\n          should.equal(result, TestResult.success);\n        }",
          "async": 0,
          "sync": true,
          "_timeout": 150000,
          "_slow": 75,
          "_retries": -1,
          "timedOut": false,
          "_currentRetry": 0,
          "pending": false,
          "file": "/home/runner/work/vc-json-schema-test-suite/vc-json-schema-test-suite/tests/jsonschema.js",
          "parent": "ZrDahAA_j_RtHwkXI8XWS",
          "ctx": null,
          "_testId": "urn:uuid:a1bd3cb7-9ecd-45fb-8281-b4d5cc153408",
          "_events": {},
          "_eventsCount": 1,
          "timer": {
            "_idleTimeout": -1,
            "_idlePrev": null,
            "_idleNext": null,
            "_idleStart": 3995,
            "_onTimeout": null,
            "_repeat": null,
            "_destroyed": true
          },
          "cell": {
            "columnId": "tbd",
            "rowId": "4.2 (Success) Validation MUST result in one of the following three possible outcomes: success, failure, or indeterminate."
          },
          "duration": 185,
          "state": "failed",
          "err": {
            "name": "AssertionError",
            "message": "expected 'error' to equal 'success'",
            "showDiff": true,
            "actual": "error",
            "expected": "success",
            "operator": "strictEqual",
            "stack": "AssertionError: expected 'error' to equal 'success'\n    at should.equal (node_modules/chai/lib/chai/interface/should.js:98:35)\n    at Context.<anonymous> (file:///home/runner/work/vc-json-schema-test-suite/vc-json-schema-test-suite/tests/jsonschema.js:69:18)"
          }
        },
        {
          "type": "test",
          "title": "4.2 (Failure) Validation MUST result in one of the following three possible outcomes: success, failure, or indeterminate.",
          "body": "async function() {\n          await generateTestResults(i.name, schemaVersionName, jsonSchemaType, this.test.title);\n          this.test.cell = {columnId: i.name, rowId: this.test.title};\n          const result = await checkTestResults(i.name, schemaVersionName, jsonSchemaType, this.test.title);\n          should.equal(result, TestResult.success);\n        }",
          "async": 0,
          "sync": true,
          "_timeout": 150000,
          "_slow": 75,
          "_retries": -1,
          "timedOut": false,
          "_currentRetry": 0,
          "pending": false,
          "file": "/home/runner/work/vc-json-schema-test-suite/vc-json-schema-test-suite/tests/jsonschema.js",
          "parent": "ZrDahAA_j_RtHwkXI8XWS",
          "ctx": null,
          "_testId": "urn:uuid:2ad3eeb9-91d5-4bab-a044-16cf5455793f",
          "_events": {},
          "_eventsCount": 1,
          "timer": {
            "_idleTimeout": -1,
            "_idlePrev": null,
            "_idleNext": null,
            "_idleStart": 4181,
            "_onTimeout": null,
            "_repeat": null,
            "_destroyed": true
          },
          "cell": {
            "columnId": "tbd",
            "rowId": "4.2 (Failure) Validation MUST result in one of the following three possible outcomes: success, failure, or indeterminate."
          },
          "duration": 185,
          "state": "failed",
          "err": {
            "name": "AssertionError",
            "message": "expected 'error' to equal 'success'",
            "showDiff": true,
            "actual": "error",
            "expected": "success",
            "operator": "strictEqual",
            "stack": "AssertionError: expected 'error' to equal 'success'\n    at should.equal (node_modules/chai/lib/chai/interface/should.js:98:35)\n    at Context.<anonymous> (file:///home/runner/work/vc-json-schema-test-suite/vc-json-schema-test-suite/tests/jsonschema.js:76:18)"
          }
        },
        {
          "type": "test",
          "title": "4.2 (Indeterminate) Validation MUST result in one of the following three possible outcomes: success, failure, or indeterminate.",
          "body": "async function() {\n          await generateTestResults(i.name, schemaVersionName, jsonSchemaType, this.test.title);\n          this.test.cell = {columnId: i.name, rowId: this.test.title};\n          const result = await checkTestResults(i.name, schemaVersionName, jsonSchemaType, this.test.title);\n          should.equal(result, TestResult.success);\n        }",
          "async": 0,
          "sync": true,
          "_timeout": 150000,
          "_slow": 75,
          "_retries": -1,
          "timedOut": false,
          "_currentRetry": 0,
          "pending": false,
          "file": "/home/runner/work/vc-json-schema-test-suite/vc-json-schema-test-suite/tests/jsonschema.js",
          "parent": "ZrDahAA_j_RtHwkXI8XWS",
          "ctx": null,
          "_testId": "urn:uuid:79ad92a9-f429-4cf8-9f50-0ae7d823084f",
          "_events": {},
          "_eventsCount": 1,
          "timer": {
            "_idleTimeout": -1,
            "_idlePrev": null,
            "_idleNext": null,
            "_idleStart": 4363,
            "_onTimeout": null,
            "_repeat": null,
            "_destroyed": true
          },
          "cell": {
            "columnId": "tbd",
            "rowId": "4.2 (Indeterminate) Validation MUST result in one of the following three possible outcomes: success, failure, or indeterminate."
          },
          "duration": 181,
          "state": "failed",
          "err": {
            "name": "AssertionError",
            "message": "expected 'error' to equal 'success'",
            "showDiff": true,
            "actual": "error",
            "expected": "success",
            "operator": "strictEqual",
            "stack": "AssertionError: expected 'error' to equal 'success'\n    at should.equal (node_modules/chai/lib/chai/interface/should.js:98:35)\n    at Context.<anonymous> (file:///home/runner/work/vc-json-schema-test-suite/vc-json-schema-test-suite/tests/jsonschema.js:83:18)"
          }
        }
      ],
      "root": false,
      "pending": false,
      "_retries": -1,
      "_beforeEach": [],
      "_beforeAll": [],
      "_afterEach": [],
      "_afterAll": [],
      "_timeout": 150000,
      "_slow": 75,
      "_bail": false,
      "_onlyTests": [],
      "_onlySuites": [],
      "delayed": false,
      "parent": "1BN0fXcmb6_5EVc4yKLcb",
      "file": "/home/runner/work/vc-json-schema-test-suite/vc-json-schema-test-suite/tests/jsonschema.js",
      "matrix": true,
      "report": true,
      "implemented": [
        "tbd"
      ],
      "rowLabel": "Test Name",
      "columnLabel": "Implementation",
      "_testId": "urn:uuid:6f084818-8930-499e-9e9f-e5b3b47975f2"
    },
    {
      "title": "JsonSchemaCredential – JSON Schema 2019-09",
      "ctx": null,
      "suites": [
        {
          "title": "tbd",
          "ctx": null,
          "suites": [],
          "tests": [
            {
              "type": "test",
              "title": "2.1 ID - The value MUST be a URL that identifies the schema associated with the verifiable credential.",
              "body": "async function() {\n          await generateTestResults(i.name, schemaVersionName, jsonSchemaType, this.test.title);\n          this.test.cell = {columnId: i.name, rowId: this.test.title};\n          const result = await checkTestResults(i.name, schemaVersionName, jsonSchemaType, this.test.title);\n          should.equal(result, TestResult.success);\n        }",
              "async": 0,
              "sync": true,
              "_timeout": 150000,
              "_slow": 75,
              "_retries": -1,
              "timedOut": false,
              "_currentRetry": 0,
              "pending": false,
              "file": "/home/runner/work/vc-json-schema-test-suite/vc-json-schema-test-suite/tests/jsonschemacredential.js",
              "parent": "97VahHXQQbu1qxczNU641",
              "ctx": null,
              "_testId": "urn:uuid:7d9320be-2285-4ab4-affc-648617ae11de",
              "_events": {},
              "_eventsCount": 1,
              "timer": {
                "_idleTimeout": -1,
                "_idlePrev": null,
                "_idleNext": null,
                "_idleStart": 4546,
                "_onTimeout": null,
                "_repeat": null,
                "_destroyed": true
              },
              "cell": {
                "columnId": "tbd",
                "rowId": "2.1 ID - The value MUST be a URL that identifies the schema associated with the verifiable credential."
              },
              "duration": 216,
              "state": "failed",
              "err": {
                "name": "AssertionError",
                "message": "expected 'error' to equal 'success'",
                "showDiff": true,
                "actual": "error",
                "expected": "success",
                "operator": "strictEqual",
                "stack": "AssertionError: expected 'error' to equal 'success'\n    at should.equal (node_modules/chai/lib/chai/interface/should.js:98:35)\n    at Context.<anonymous> (file:///home/runner/work/vc-json-schema-test-suite/vc-json-schema-test-suite/tests/jsonschemacredential.js:31:18)"
              }
            },
            {
              "type": "test",
              "title": "2.1 The type property MUST be JsonSchemaCredential.",
              "body": "async function() {\n          await generateTestResults(i.name, schemaVersionName, jsonSchemaType, this.test.title);\n          this.test.cell = {columnId: i.name, rowId: this.test.title};\n          const result = await checkTestResults(i.name, schemaVersionName, jsonSchemaType, this.test.title);\n          should.equal(result, TestResult.success);\n        }",
              "async": 0,
              "sync": true,
              "_timeout": 150000,
              "_slow": 75,
              "_retries": -1,
              "timedOut": false,
              "_currentRetry": 0,
              "pending": false,
              "file": "/home/runner/work/vc-json-schema-test-suite/vc-json-schema-test-suite/tests/jsonschemacredential.js",
              "parent": "97VahHXQQbu1qxczNU641",
              "ctx": null,
              "_testId": "urn:uuid:e46cfb90-e24f-43aa-add6-9bb9d07529ec",
              "_events": {},
              "_eventsCount": 1,
              "timer": {
                "_idleTimeout": -1,
                "_idlePrev": null,
                "_idleNext": null,
                "_idleStart": 4763,
                "_onTimeout": null,
                "_repeat": null,
                "_destroyed": true
              },
              "cell": {
                "columnId": "tbd",
                "rowId": "2.1 The type property MUST be JsonSchemaCredential."
              },
              "duration": 215,
              "state": "failed",
              "err": {
                "name": "AssertionError",
                "message": "expected 'error' to equal 'success'",
                "showDiff": true,
                "actual": "error",
                "expected": "success",
                "operator": "strictEqual",
                "stack": "AssertionError: expected 'error' to equal 'success'\n    at should.equal (node_modules/chai/lib/chai/interface/should.js:98:35)\n    at Context.<anonymous> (file:///home/runner/work/vc-json-schema-test-suite/vc-json-schema-test-suite/tests/jsonschemacredential.js:38:18)"
              }
            },
            {
              "type": "test",
              "title": "2.2 The credentialSubject property MUST contain two properties: type - the value of which MUST be JsonSchema; jsonSchema - an object which contains a valid JSON Schema",
              "body": "async function() {\n          await generateTestResults(i.name, schemaVersionName, jsonSchemaType, this.test.title);\n          this.test.cell = {columnId: i.name, rowId: this.test.title};\n          const result = await checkTestResults(i.name, schemaVersionName, jsonSchemaType, this.test.title);\n          should.equal(result, TestResult.success);\n        }",
              "async": 0,
              "sync": true,
              "_timeout": 150000,
              "_slow": 75,
              "_retries": -1,
              "timedOut": false,
              "_currentRetry": 0,
              "pending": false,
              "file": "/home/runner/work/vc-json-schema-test-suite/vc-json-schema-test-suite/tests/jsonschemacredential.js",
              "parent": "97VahHXQQbu1qxczNU641",
              "ctx": null,
              "_testId": "urn:uuid:ecbcb327-07d7-49bb-aab5-0f906bee08c1",
              "_events": {},
              "_eventsCount": 1,
              "timer": {
                "_idleTimeout": -1,
                "_idlePrev": null,
                "_idleNext": null,
                "_idleStart": 4978,
                "_onTimeout": null,
                "_repeat": null,
                "_destroyed": true
              },
              "cell": {
                "columnId": "tbd",
                "rowId": "2.2 The credentialSubject property MUST contain two properties: type - the value of which MUST be JsonSchema; jsonSchema - an object which contains a valid JSON Schema"
              },
              "duration": 281,
              "state": "failed",
              "err": {
                "name": "AssertionError",
                "message": "expected 'error' to equal 'success'",
                "showDiff": true,
                "actual": "error",
                "expected": "success",
                "operator": "strictEqual",
                "stack": "AssertionError: expected 'error' to equal 'success'\n    at should.equal (node_modules/chai/lib/chai/interface/should.js:98:35)\n    at Context.<anonymous> (file:///home/runner/work/vc-json-schema-test-suite/vc-json-schema-test-suite/tests/jsonschemacredential.js:45:18)"
              }
            },
            {
              "type": "test",
              "title": "2.2 The value of the credentialSchema property MUST always be set to [known json schema]",
              "body": "async function() {\n          await generateTestResults(i.name, schemaVersionName, jsonSchemaType, this.test.title);\n          this.test.cell = {columnId: i.name, rowId: this.test.title};\n          const result = await checkTestResults(i.name, schemaVersionName, jsonSchemaType, this.test.title);\n          should.equal(result, TestResult.success);\n        }",
              "async": 0,
              "sync": true,
              "_timeout": 150000,
              "_slow": 75,
              "_retries": -1,
              "timedOut": false,
              "_currentRetry": 0,
              "pending": false,
              "file": "/home/runner/work/vc-json-schema-test-suite/vc-json-schema-test-suite/tests/jsonschemacredential.js",
              "parent": "97VahHXQQbu1qxczNU641",
              "ctx": null,
              "_testId": "urn:uuid:c0215e7b-0864-471d-80fa-b8313ee37ed2",
              "_events": {},
              "_eventsCount": 1,
              "timer": {
                "_idleTimeout": -1,
                "_idlePrev": null,
                "_idleNext": null,
                "_idleStart": 5259,
                "_onTimeout": null,
                "_repeat": null,
                "_destroyed": true
              },
              "cell": {
                "columnId": "tbd",
                "rowId": "2.2 The value of the credentialSchema property MUST always be set to [known json schema]"
              },
              "duration": 215,
              "state": "failed",
              "err": {
                "name": "AssertionError",
                "message": "expected 'error' to equal 'success'",
                "showDiff": true,
                "actual": "error",
                "expected": "success",
                "operator": "strictEqual",
                "stack": "AssertionError: expected 'error' to equal 'success'\n    at should.equal (node_modules/chai/lib/chai/interface/should.js:98:35)\n    at Context.<anonymous> (file:///home/runner/work/vc-json-schema-test-suite/vc-json-schema-test-suite/tests/jsonschemacredential.js:52:18)"
              }
            },
            {
              "type": "test",
              "title": "3 Implementers MUST provide support for JSON Schema specifications where, in the following table, the required column's value is yes",
              "body": "async function() {\n          this.test.cell = {columnId: i.name, rowId: this.test.title};\n          if (schemaVersionName === JsonSchemaVersions['202012']) {\n            should.equal(true, true);\n          } else {\n            this.skip();\n          }\n        }",
              "async": 0,
              "sync": true,
              "_timeout": 150000,
              "_slow": 75,
              "_retries": -1,
              "timedOut": false,
              "_currentRetry": 0,
              "pending": true,
              "file": "/home/runner/work/vc-json-schema-test-suite/vc-json-schema-test-suite/tests/jsonschemacredential.js",
              "parent": "97VahHXQQbu1qxczNU641",
              "ctx": null,
              "_testId": "urn:uuid:5f7cf349-b01b-483c-a932-c0368d8b6dfc",
              "_events": {},
              "_eventsCount": 1,
              "cell": {
                "columnId": "tbd",
                "rowId": "3 Implementers MUST provide support for JSON Schema specifications where, in the following table, the required column's value is yes"
              },
              "timer": {
                "_idleTimeout": -1,
                "_idlePrev": null,
                "_idleNext": null,
                "_idleStart": 5442,
                "_onTimeout": null,
                "_repeat": null,
                "_destroyed": true
              },
              "duration": 0,
              "state": "pending"
            },
            {
              "type": "test",
              "title": "3.1.1 The $id MUST be present and its value MUST represent a valid URI-reference",
              "body": "async function() {\n          await generateTestResults(i.name, schemaVersionName, jsonSchemaType, this.test.title);\n          this.test.cell = {columnId: i.name, rowId: this.test.title};\n          const result = await checkTestResults(i.name, schemaVersionName, jsonSchemaType, this.test.title);\n          should.equal(result, TestResult.success);\n        }",
              "async": 0,
              "sync": true,
              "_timeout": 150000,
              "_slow": 75,
              "_retries": -1,
              "timedOut": false,
              "_currentRetry": 0,
              "pending": false,
              "file": "/home/runner/work/vc-json-schema-test-suite/vc-json-schema-test-suite/tests/jsonschemacredential.js",
              "parent": "97VahHXQQbu1qxczNU641",
              "ctx": null,
              "_testId": "urn:uuid:238aa631-c0eb-4625-a9f7-87aaab32f736",
              "_events": {},
              "_eventsCount": 1,
              "timer": {
                "_idleTimeout": -1,
                "_idlePrev": null,
                "_idleNext": null,
                "_idleStart": 5475,
                "_onTimeout": null,
                "_repeat": null,
                "_destroyed": true
              },
              "cell": {
                "columnId": "tbd",
                "rowId": "3.1.1 The $id MUST be present and its value MUST represent a valid URI-reference"
              },
              "duration": 246,
              "state": "failed",
              "err": {
                "name": "AssertionError",
                "message": "expected 'error' to equal 'success'",
                "showDiff": true,
                "actual": "error",
                "expected": "success",
                "operator": "strictEqual",
                "stack": "AssertionError: expected 'error' to equal 'success'\n    at should.equal (node_modules/chai/lib/chai/interface/should.js:98:35)\n    at Context.<anonymous> (file:///home/runner/work/vc-json-schema-test-suite/vc-json-schema-test-suite/tests/jsonschemacredential.js:68:18)"
              }
            },
            {
              "type": "test",
              "title": "3.1.2, 4 The $schema property MUST be present in each schema",
              "body": "async function() {\n          await generateTestResults(i.name, schemaVersionName, jsonSchemaType, this.test.title);\n          this.test.cell = {columnId: i.name, rowId: this.test.title};\n          const result = await checkTestResults(i.name, schemaVersionName, jsonSchemaType, this.test.title);\n          should.equal(result, TestResult.success);\n        }",
              "async": 0,
              "sync": true,
              "_timeout": 150000,
              "_slow": 75,
              "_retries": -1,
              "timedOut": false,
              "_currentRetry": 0,
              "pending": false,
              "file": "/home/runner/work/vc-json-schema-test-suite/vc-json-schema-test-suite/tests/jsonschemacredential.js",
              "parent": "97VahHXQQbu1qxczNU641",
              "ctx": null,
              "_testId": "urn:uuid:4d17ce5f-9ff5-4070-8196-10c53578ec0c",
              "_events": {},
              "_eventsCount": 1,
              "timer": {
                "_idleTimeout": -1,
                "_idlePrev": null,
                "_idleNext": null,
                "_idleStart": 5722,
                "_onTimeout": null,
                "_repeat": null,
                "_destroyed": true
              },
              "cell": {
                "columnId": "tbd",
                "rowId": "3.1.2, 4 The $schema property MUST be present in each schema"
              },
              "duration": 217,
              "state": "failed",
              "err": {
                "name": "AssertionError",
                "message": "expected 'error' to equal 'success'",
                "showDiff": true,
                "actual": "error",
                "expected": "success",
                "operator": "strictEqual",
                "stack": "AssertionError: expected 'error' to equal 'success'\n    at should.equal (node_modules/chai/lib/chai/interface/should.js:98:35)\n    at Context.<anonymous> (file:///home/runner/work/vc-json-schema-test-suite/vc-json-schema-test-suite/tests/jsonschemacredential.js:76:18)"
              }
            },
            {
              "type": "test",
              "title": "4.2 (Success) Validation MUST result in one of the following three possible outcomes: success, failure, or indeterminate.",
              "body": "async function() {\n          await generateTestResults(i.name, schemaVersionName, jsonSchemaType, this.test.title);\n          this.test.cell = {columnId: i.name, rowId: this.test.title};\n          const result = await checkTestResults(i.name, schemaVersionName, jsonSchemaType, this.test.title);\n          should.equal(result, TestResult.success);\n        }",
              "async": 0,
              "sync": true,
              "_timeout": 150000,
              "_slow": 75,
              "_retries": -1,
              "timedOut": false,
              "_currentRetry": 0,
              "pending": false,
              "file": "/home/runner/work/vc-json-schema-test-suite/vc-json-schema-test-suite/tests/jsonschemacredential.js",
              "parent": "97VahHXQQbu1qxczNU641",
              "ctx": null,
              "_testId": "urn:uuid:56dcc8c4-9a10-4ec9-878f-1b28d35839bf",
              "_events": {},
              "_eventsCount": 1,
              "timer": {
                "_idleTimeout": -1,
                "_idlePrev": null,
                "_idleNext": null,
                "_idleStart": 5939,
                "_onTimeout": null,
                "_repeat": null,
                "_destroyed": true
              },
              "cell": {
                "columnId": "tbd",
                "rowId": "4.2 (Success) Validation MUST result in one of the following three possible outcomes: success, failure, or indeterminate."
              },
              "duration": 183,
              "state": "failed",
              "err": {
                "name": "AssertionError",
                "message": "expected 'error' to equal 'success'",
                "showDiff": true,
                "actual": "error",
                "expected": "success",
                "operator": "strictEqual",
                "stack": "AssertionError: expected 'error' to equal 'success'\n    at should.equal (node_modules/chai/lib/chai/interface/should.js:98:35)\n    at Context.<anonymous> (file:///home/runner/work/vc-json-schema-test-suite/vc-json-schema-test-suite/tests/jsonschemacredential.js:83:18)"
              }
            },
            {
              "type": "test",
              "title": "4.2 (Failure) Validation MUST result in one of the following three possible outcomes: success, failure, or indeterminate.",
              "body": "async function() {\n          await generateTestResults(i.name, schemaVersionName, jsonSchemaType, this.test.title);\n          this.test.cell = {columnId: i.name, rowId: this.test.title};\n          const result = await checkTestResults(i.name, schemaVersionName, jsonSchemaType, this.test.title);\n          should.equal(result, TestResult.success);\n        }",
              "async": 0,
              "sync": true,
              "_timeout": 150000,
              "_slow": 75,
              "_retries": -1,
              "timedOut": false,
              "_currentRetry": 0,
              "pending": false,
              "file": "/home/runner/work/vc-json-schema-test-suite/vc-json-schema-test-suite/tests/jsonschemacredential.js",
              "parent": "97VahHXQQbu1qxczNU641",
              "ctx": null,
              "_testId": "urn:uuid:2bbcc601-bee9-4f12-a33b-d23bd0fdd19c",
              "_events": {},
              "_eventsCount": 1,
              "timer": {
                "_idleTimeout": -1,
                "_idlePrev": null,
                "_idleNext": null,
                "_idleStart": 6123,
                "_onTimeout": null,
                "_repeat": null,
                "_destroyed": true
              },
              "cell": {
                "columnId": "tbd",
                "rowId": "4.2 (Failure) Validation MUST result in one of the following three possible outcomes: success, failure, or indeterminate."
              },
              "duration": 183,
              "state": "failed",
              "err": {
                "name": "AssertionError",
                "message": "expected 'error' to equal 'success'",
                "showDiff": true,
                "actual": "error",
                "expected": "success",
                "operator": "strictEqual",
                "stack": "AssertionError: expected 'error' to equal 'success'\n    at should.equal (node_modules/chai/lib/chai/interface/should.js:98:35)\n    at Context.<anonymous> (file:///home/runner/work/vc-json-schema-test-suite/vc-json-schema-test-suite/tests/jsonschemacredential.js:90:18)"
              }
            },
            {
              "type": "test",
              "title": "4.2 (Indeterminate) Validation MUST result in one of the following three possible outcomes: success, failure, or indeterminate.",
              "body": "async function() {\n          await generateTestResults(i.name, schemaVersionName, jsonSchemaType, this.test.title);\n          this.test.cell = {columnId: i.name, rowId: this.test.title};\n          const result = await checkTestResults(i.name, schemaVersionName, jsonSchemaType, this.test.title);\n          should.equal(result, TestResult.success);\n        }",
              "async": 0,
              "sync": true,
              "_timeout": 150000,
              "_slow": 75,
              "_retries": -1,
              "timedOut": false,
              "_currentRetry": 0,
              "pending": false,
              "file": "/home/runner/work/vc-json-schema-test-suite/vc-json-schema-test-suite/tests/jsonschemacredential.js",
              "parent": "97VahHXQQbu1qxczNU641",
              "ctx": null,
              "_testId": "urn:uuid:7e3be2c8-c4b8-4cf0-bc64-306d8a4d8350",
              "_events": {},
              "_eventsCount": 1,
              "timer": {
                "_idleTimeout": -1,
                "_idlePrev": null,
                "_idleNext": null,
                "_idleStart": 6309,
                "_onTimeout": null,
                "_repeat": null,
                "_destroyed": true
              },
              "cell": {
                "columnId": "tbd",
                "rowId": "4.2 (Indeterminate) Validation MUST result in one of the following three possible outcomes: success, failure, or indeterminate."
              },
              "duration": 186,
              "state": "failed",
              "err": {
                "name": "AssertionError",
                "message": "expected 'error' to equal 'success'",
                "showDiff": true,
                "actual": "error",
                "expected": "success",
                "operator": "strictEqual",
                "stack": "AssertionError: expected 'error' to equal 'success'\n    at should.equal (node_modules/chai/lib/chai/interface/should.js:98:35)\n    at Context.<anonymous> (file:///home/runner/work/vc-json-schema-test-suite/vc-json-schema-test-suite/tests/jsonschemacredential.js:97:18)"
              }
            }
          ],
          "root": false,
          "pending": false,
          "_retries": -1,
          "_beforeEach": [],
          "_beforeAll": [],
          "_afterEach": [],
          "_afterAll": [],
          "_timeout": 150000,
          "_slow": 75,
          "_bail": false,
          "_onlyTests": [],
          "_onlySuites": [],
          "delayed": false,
          "parent": "ErBe4uCkjtBiTtU2Na2_8",
          "file": "/home/runner/work/vc-json-schema-test-suite/vc-json-schema-test-suite/tests/jsonschemacredential.js",
          "_testId": "urn:uuid:5d5261bd-e82d-4e12-bc77-24d3e6189354"
        }
      ],
      "tests": [
        {
          "type": "test",
          "title": "2.1 ID - The value MUST be a URL that identifies the schema associated with the verifiable credential.",
          "body": "async function() {\n          await generateTestResults(i.name, schemaVersionName, jsonSchemaType, this.test.title);\n          this.test.cell = {columnId: i.name, rowId: this.test.title};\n          const result = await checkTestResults(i.name, schemaVersionName, jsonSchemaType, this.test.title);\n          should.equal(result, TestResult.success);\n        }",
          "async": 0,
          "sync": true,
          "_timeout": 150000,
          "_slow": 75,
          "_retries": -1,
          "timedOut": false,
          "_currentRetry": 0,
          "pending": false,
          "file": "/home/runner/work/vc-json-schema-test-suite/vc-json-schema-test-suite/tests/jsonschemacredential.js",
          "parent": "97VahHXQQbu1qxczNU641",
          "ctx": null,
          "_testId": "urn:uuid:7d9320be-2285-4ab4-affc-648617ae11de",
          "_events": {},
          "_eventsCount": 1,
          "timer": {
            "_idleTimeout": -1,
            "_idlePrev": null,
            "_idleNext": null,
            "_idleStart": 4546,
            "_onTimeout": null,
            "_repeat": null,
            "_destroyed": true
          },
          "cell": {
            "columnId": "tbd",
            "rowId": "2.1 ID - The value MUST be a URL that identifies the schema associated with the verifiable credential."
          },
          "duration": 216,
          "state": "failed",
          "err": {
            "name": "AssertionError",
            "message": "expected 'error' to equal 'success'",
            "showDiff": true,
            "actual": "error",
            "expected": "success",
            "operator": "strictEqual",
            "stack": "AssertionError: expected 'error' to equal 'success'\n    at should.equal (node_modules/chai/lib/chai/interface/should.js:98:35)\n    at Context.<anonymous> (file:///home/runner/work/vc-json-schema-test-suite/vc-json-schema-test-suite/tests/jsonschemacredential.js:31:18)"
          }
        },
        {
          "type": "test",
          "title": "2.1 The type property MUST be JsonSchemaCredential.",
          "body": "async function() {\n          await generateTestResults(i.name, schemaVersionName, jsonSchemaType, this.test.title);\n          this.test.cell = {columnId: i.name, rowId: this.test.title};\n          const result = await checkTestResults(i.name, schemaVersionName, jsonSchemaType, this.test.title);\n          should.equal(result, TestResult.success);\n        }",
          "async": 0,
          "sync": true,
          "_timeout": 150000,
          "_slow": 75,
          "_retries": -1,
          "timedOut": false,
          "_currentRetry": 0,
          "pending": false,
          "file": "/home/runner/work/vc-json-schema-test-suite/vc-json-schema-test-suite/tests/jsonschemacredential.js",
          "parent": "97VahHXQQbu1qxczNU641",
          "ctx": null,
          "_testId": "urn:uuid:e46cfb90-e24f-43aa-add6-9bb9d07529ec",
          "_events": {},
          "_eventsCount": 1,
          "timer": {
            "_idleTimeout": -1,
            "_idlePrev": null,
            "_idleNext": null,
            "_idleStart": 4763,
            "_onTimeout": null,
            "_repeat": null,
            "_destroyed": true
          },
          "cell": {
            "columnId": "tbd",
            "rowId": "2.1 The type property MUST be JsonSchemaCredential."
          },
          "duration": 215,
          "state": "failed",
          "err": {
            "name": "AssertionError",
            "message": "expected 'error' to equal 'success'",
            "showDiff": true,
            "actual": "error",
            "expected": "success",
            "operator": "strictEqual",
            "stack": "AssertionError: expected 'error' to equal 'success'\n    at should.equal (node_modules/chai/lib/chai/interface/should.js:98:35)\n    at Context.<anonymous> (file:///home/runner/work/vc-json-schema-test-suite/vc-json-schema-test-suite/tests/jsonschemacredential.js:38:18)"
          }
        },
        {
          "type": "test",
          "title": "2.2 The credentialSubject property MUST contain two properties: type - the value of which MUST be JsonSchema; jsonSchema - an object which contains a valid JSON Schema",
          "body": "async function() {\n          await generateTestResults(i.name, schemaVersionName, jsonSchemaType, this.test.title);\n          this.test.cell = {columnId: i.name, rowId: this.test.title};\n          const result = await checkTestResults(i.name, schemaVersionName, jsonSchemaType, this.test.title);\n          should.equal(result, TestResult.success);\n        }",
          "async": 0,
          "sync": true,
          "_timeout": 150000,
          "_slow": 75,
          "_retries": -1,
          "timedOut": false,
          "_currentRetry": 0,
          "pending": false,
          "file": "/home/runner/work/vc-json-schema-test-suite/vc-json-schema-test-suite/tests/jsonschemacredential.js",
          "parent": "97VahHXQQbu1qxczNU641",
          "ctx": null,
          "_testId": "urn:uuid:ecbcb327-07d7-49bb-aab5-0f906bee08c1",
          "_events": {},
          "_eventsCount": 1,
          "timer": {
            "_idleTimeout": -1,
            "_idlePrev": null,
            "_idleNext": null,
            "_idleStart": 4978,
            "_onTimeout": null,
            "_repeat": null,
            "_destroyed": true
          },
          "cell": {
            "columnId": "tbd",
            "rowId": "2.2 The credentialSubject property MUST contain two properties: type - the value of which MUST be JsonSchema; jsonSchema - an object which contains a valid JSON Schema"
          },
          "duration": 281,
          "state": "failed",
          "err": {
            "name": "AssertionError",
            "message": "expected 'error' to equal 'success'",
            "showDiff": true,
            "actual": "error",
            "expected": "success",
            "operator": "strictEqual",
            "stack": "AssertionError: expected 'error' to equal 'success'\n    at should.equal (node_modules/chai/lib/chai/interface/should.js:98:35)\n    at Context.<anonymous> (file:///home/runner/work/vc-json-schema-test-suite/vc-json-schema-test-suite/tests/jsonschemacredential.js:45:18)"
          }
        },
        {
          "type": "test",
          "title": "2.2 The value of the credentialSchema property MUST always be set to [known json schema]",
          "body": "async function() {\n          await generateTestResults(i.name, schemaVersionName, jsonSchemaType, this.test.title);\n          this.test.cell = {columnId: i.name, rowId: this.test.title};\n          const result = await checkTestResults(i.name, schemaVersionName, jsonSchemaType, this.test.title);\n          should.equal(result, TestResult.success);\n        }",
          "async": 0,
          "sync": true,
          "_timeout": 150000,
          "_slow": 75,
          "_retries": -1,
          "timedOut": false,
          "_currentRetry": 0,
          "pending": false,
          "file": "/home/runner/work/vc-json-schema-test-suite/vc-json-schema-test-suite/tests/jsonschemacredential.js",
          "parent": "97VahHXQQbu1qxczNU641",
          "ctx": null,
          "_testId": "urn:uuid:c0215e7b-0864-471d-80fa-b8313ee37ed2",
          "_events": {},
          "_eventsCount": 1,
          "timer": {
            "_idleTimeout": -1,
            "_idlePrev": null,
            "_idleNext": null,
            "_idleStart": 5259,
            "_onTimeout": null,
            "_repeat": null,
            "_destroyed": true
          },
          "cell": {
            "columnId": "tbd",
            "rowId": "2.2 The value of the credentialSchema property MUST always be set to [known json schema]"
          },
          "duration": 215,
          "state": "failed",
          "err": {
            "name": "AssertionError",
            "message": "expected 'error' to equal 'success'",
            "showDiff": true,
            "actual": "error",
            "expected": "success",
            "operator": "strictEqual",
            "stack": "AssertionError: expected 'error' to equal 'success'\n    at should.equal (node_modules/chai/lib/chai/interface/should.js:98:35)\n    at Context.<anonymous> (file:///home/runner/work/vc-json-schema-test-suite/vc-json-schema-test-suite/tests/jsonschemacredential.js:52:18)"
          }
        },
        {
          "type": "test",
          "title": "3 Implementers MUST provide support for JSON Schema specifications where, in the following table, the required column's value is yes",
          "body": "async function() {\n          this.test.cell = {columnId: i.name, rowId: this.test.title};\n          if (schemaVersionName === JsonSchemaVersions['202012']) {\n            should.equal(true, true);\n          } else {\n            this.skip();\n          }\n        }",
          "async": 0,
          "sync": true,
          "_timeout": 150000,
          "_slow": 75,
          "_retries": -1,
          "timedOut": false,
          "_currentRetry": 0,
          "pending": true,
          "file": "/home/runner/work/vc-json-schema-test-suite/vc-json-schema-test-suite/tests/jsonschemacredential.js",
          "parent": "97VahHXQQbu1qxczNU641",
          "ctx": null,
          "_testId": "urn:uuid:5f7cf349-b01b-483c-a932-c0368d8b6dfc",
          "_events": {},
          "_eventsCount": 1,
          "cell": {
            "columnId": "tbd",
            "rowId": "3 Implementers MUST provide support for JSON Schema specifications where, in the following table, the required column's value is yes"
          },
          "timer": {
            "_idleTimeout": -1,
            "_idlePrev": null,
            "_idleNext": null,
            "_idleStart": 5442,
            "_onTimeout": null,
            "_repeat": null,
            "_destroyed": true
          },
          "duration": 0,
          "state": "pending"
        },
        {
          "type": "test",
          "title": "3.1.1 The $id MUST be present and its value MUST represent a valid URI-reference",
          "body": "async function() {\n          await generateTestResults(i.name, schemaVersionName, jsonSchemaType, this.test.title);\n          this.test.cell = {columnId: i.name, rowId: this.test.title};\n          const result = await checkTestResults(i.name, schemaVersionName, jsonSchemaType, this.test.title);\n          should.equal(result, TestResult.success);\n        }",
          "async": 0,
          "sync": true,
          "_timeout": 150000,
          "_slow": 75,
          "_retries": -1,
          "timedOut": false,
          "_currentRetry": 0,
          "pending": false,
          "file": "/home/runner/work/vc-json-schema-test-suite/vc-json-schema-test-suite/tests/jsonschemacredential.js",
          "parent": "97VahHXQQbu1qxczNU641",
          "ctx": null,
          "_testId": "urn:uuid:238aa631-c0eb-4625-a9f7-87aaab32f736",
          "_events": {},
          "_eventsCount": 1,
          "timer": {
            "_idleTimeout": -1,
            "_idlePrev": null,
            "_idleNext": null,
            "_idleStart": 5475,
            "_onTimeout": null,
            "_repeat": null,
            "_destroyed": true
          },
          "cell": {
            "columnId": "tbd",
            "rowId": "3.1.1 The $id MUST be present and its value MUST represent a valid URI-reference"
          },
          "duration": 246,
          "state": "failed",
          "err": {
            "name": "AssertionError",
            "message": "expected 'error' to equal 'success'",
            "showDiff": true,
            "actual": "error",
            "expected": "success",
            "operator": "strictEqual",
            "stack": "AssertionError: expected 'error' to equal 'success'\n    at should.equal (node_modules/chai/lib/chai/interface/should.js:98:35)\n    at Context.<anonymous> (file:///home/runner/work/vc-json-schema-test-suite/vc-json-schema-test-suite/tests/jsonschemacredential.js:68:18)"
          }
        },
        {
          "type": "test",
          "title": "3.1.2, 4 The $schema property MUST be present in each schema",
          "body": "async function() {\n          await generateTestResults(i.name, schemaVersionName, jsonSchemaType, this.test.title);\n          this.test.cell = {columnId: i.name, rowId: this.test.title};\n          const result = await checkTestResults(i.name, schemaVersionName, jsonSchemaType, this.test.title);\n          should.equal(result, TestResult.success);\n        }",
          "async": 0,
          "sync": true,
          "_timeout": 150000,
          "_slow": 75,
          "_retries": -1,
          "timedOut": false,
          "_currentRetry": 0,
          "pending": false,
          "file": "/home/runner/work/vc-json-schema-test-suite/vc-json-schema-test-suite/tests/jsonschemacredential.js",
          "parent": "97VahHXQQbu1qxczNU641",
          "ctx": null,
          "_testId": "urn:uuid:4d17ce5f-9ff5-4070-8196-10c53578ec0c",
          "_events": {},
          "_eventsCount": 1,
          "timer": {
            "_idleTimeout": -1,
            "_idlePrev": null,
            "_idleNext": null,
            "_idleStart": 5722,
            "_onTimeout": null,
            "_repeat": null,
            "_destroyed": true
          },
          "cell": {
            "columnId": "tbd",
            "rowId": "3.1.2, 4 The $schema property MUST be present in each schema"
          },
          "duration": 217,
          "state": "failed",
          "err": {
            "name": "AssertionError",
            "message": "expected 'error' to equal 'success'",
            "showDiff": true,
            "actual": "error",
            "expected": "success",
            "operator": "strictEqual",
            "stack": "AssertionError: expected 'error' to equal 'success'\n    at should.equal (node_modules/chai/lib/chai/interface/should.js:98:35)\n    at Context.<anonymous> (file:///home/runner/work/vc-json-schema-test-suite/vc-json-schema-test-suite/tests/jsonschemacredential.js:76:18)"
          }
        },
        {
          "type": "test",
          "title": "4.2 (Success) Validation MUST result in one of the following three possible outcomes: success, failure, or indeterminate.",
          "body": "async function() {\n          await generateTestResults(i.name, schemaVersionName, jsonSchemaType, this.test.title);\n          this.test.cell = {columnId: i.name, rowId: this.test.title};\n          const result = await checkTestResults(i.name, schemaVersionName, jsonSchemaType, this.test.title);\n          should.equal(result, TestResult.success);\n        }",
          "async": 0,
          "sync": true,
          "_timeout": 150000,
          "_slow": 75,
          "_retries": -1,
          "timedOut": false,
          "_currentRetry": 0,
          "pending": false,
          "file": "/home/runner/work/vc-json-schema-test-suite/vc-json-schema-test-suite/tests/jsonschemacredential.js",
          "parent": "97VahHXQQbu1qxczNU641",
          "ctx": null,
          "_testId": "urn:uuid:56dcc8c4-9a10-4ec9-878f-1b28d35839bf",
          "_events": {},
          "_eventsCount": 1,
          "timer": {
            "_idleTimeout": -1,
            "_idlePrev": null,
            "_idleNext": null,
            "_idleStart": 5939,
            "_onTimeout": null,
            "_repeat": null,
            "_destroyed": true
          },
          "cell": {
            "columnId": "tbd",
            "rowId": "4.2 (Success) Validation MUST result in one of the following three possible outcomes: success, failure, or indeterminate."
          },
          "duration": 183,
          "state": "failed",
          "err": {
            "name": "AssertionError",
            "message": "expected 'error' to equal 'success'",
            "showDiff": true,
            "actual": "error",
            "expected": "success",
            "operator": "strictEqual",
            "stack": "AssertionError: expected 'error' to equal 'success'\n    at should.equal (node_modules/chai/lib/chai/interface/should.js:98:35)\n    at Context.<anonymous> (file:///home/runner/work/vc-json-schema-test-suite/vc-json-schema-test-suite/tests/jsonschemacredential.js:83:18)"
          }
        },
        {
          "type": "test",
          "title": "4.2 (Failure) Validation MUST result in one of the following three possible outcomes: success, failure, or indeterminate.",
          "body": "async function() {\n          await generateTestResults(i.name, schemaVersionName, jsonSchemaType, this.test.title);\n          this.test.cell = {columnId: i.name, rowId: this.test.title};\n          const result = await checkTestResults(i.name, schemaVersionName, jsonSchemaType, this.test.title);\n          should.equal(result, TestResult.success);\n        }",
          "async": 0,
          "sync": true,
          "_timeout": 150000,
          "_slow": 75,
          "_retries": -1,
          "timedOut": false,
          "_currentRetry": 0,
          "pending": false,
          "file": "/home/runner/work/vc-json-schema-test-suite/vc-json-schema-test-suite/tests/jsonschemacredential.js",
          "parent": "97VahHXQQbu1qxczNU641",
          "ctx": null,
          "_testId": "urn:uuid:2bbcc601-bee9-4f12-a33b-d23bd0fdd19c",
          "_events": {},
          "_eventsCount": 1,
          "timer": {
            "_idleTimeout": -1,
            "_idlePrev": null,
            "_idleNext": null,
            "_idleStart": 6123,
            "_onTimeout": null,
            "_repeat": null,
            "_destroyed": true
          },
          "cell": {
            "columnId": "tbd",
            "rowId": "4.2 (Failure) Validation MUST result in one of the following three possible outcomes: success, failure, or indeterminate."
          },
          "duration": 183,
          "state": "failed",
          "err": {
            "name": "AssertionError",
            "message": "expected 'error' to equal 'success'",
            "showDiff": true,
            "actual": "error",
            "expected": "success",
            "operator": "strictEqual",
            "stack": "AssertionError: expected 'error' to equal 'success'\n    at should.equal (node_modules/chai/lib/chai/interface/should.js:98:35)\n    at Context.<anonymous> (file:///home/runner/work/vc-json-schema-test-suite/vc-json-schema-test-suite/tests/jsonschemacredential.js:90:18)"
          }
        },
        {
          "type": "test",
          "title": "4.2 (Indeterminate) Validation MUST result in one of the following three possible outcomes: success, failure, or indeterminate.",
          "body": "async function() {\n          await generateTestResults(i.name, schemaVersionName, jsonSchemaType, this.test.title);\n          this.test.cell = {columnId: i.name, rowId: this.test.title};\n          const result = await checkTestResults(i.name, schemaVersionName, jsonSchemaType, this.test.title);\n          should.equal(result, TestResult.success);\n        }",
          "async": 0,
          "sync": true,
          "_timeout": 150000,
          "_slow": 75,
          "_retries": -1,
          "timedOut": false,
          "_currentRetry": 0,
          "pending": false,
          "file": "/home/runner/work/vc-json-schema-test-suite/vc-json-schema-test-suite/tests/jsonschemacredential.js",
          "parent": "97VahHXQQbu1qxczNU641",
          "ctx": null,
          "_testId": "urn:uuid:7e3be2c8-c4b8-4cf0-bc64-306d8a4d8350",
          "_events": {},
          "_eventsCount": 1,
          "timer": {
            "_idleTimeout": -1,
            "_idlePrev": null,
            "_idleNext": null,
            "_idleStart": 6309,
            "_onTimeout": null,
            "_repeat": null,
            "_destroyed": true
          },
          "cell": {
            "columnId": "tbd",
            "rowId": "4.2 (Indeterminate) Validation MUST result in one of the following three possible outcomes: success, failure, or indeterminate."
          },
          "duration": 186,
          "state": "failed",
          "err": {
            "name": "AssertionError",
            "message": "expected 'error' to equal 'success'",
            "showDiff": true,
            "actual": "error",
            "expected": "success",
            "operator": "strictEqual",
            "stack": "AssertionError: expected 'error' to equal 'success'\n    at should.equal (node_modules/chai/lib/chai/interface/should.js:98:35)\n    at Context.<anonymous> (file:///home/runner/work/vc-json-schema-test-suite/vc-json-schema-test-suite/tests/jsonschemacredential.js:97:18)"
          }
        }
      ],
      "root": false,
      "pending": false,
      "_retries": -1,
      "_beforeEach": [],
      "_beforeAll": [],
      "_afterEach": [],
      "_afterAll": [],
      "_timeout": 150000,
      "_slow": 75,
      "_bail": false,
      "_onlyTests": [],
      "_onlySuites": [],
      "delayed": false,
      "parent": "1BN0fXcmb6_5EVc4yKLcb",
      "file": "/home/runner/work/vc-json-schema-test-suite/vc-json-schema-test-suite/tests/jsonschemacredential.js",
      "matrix": true,
      "report": true,
      "implemented": [
        "tbd"
      ],
      "rowLabel": "Test Name",
      "columnLabel": "Implementation",
      "_testId": "urn:uuid:5393a1cf-aa54-464f-b57e-88c16ac8a260"
    },
    {
      "title": "JsonSchemaCredential – JSON Schema 2020-12",
      "ctx": null,
      "suites": [
        {
          "title": "tbd",
          "ctx": null,
          "suites": [],
          "tests": [
            {
              "type": "test",
              "title": "2.1 ID - The value MUST be a URL that identifies the schema associated with the verifiable credential.",
              "body": "async function() {\n          await generateTestResults(i.name, schemaVersionName, jsonSchemaType, this.test.title);\n          this.test.cell = {columnId: i.name, rowId: this.test.title};\n          const result = await checkTestResults(i.name, schemaVersionName, jsonSchemaType, this.test.title);\n          should.equal(result, TestResult.success);\n        }",
              "async": 0,
              "sync": true,
              "_timeout": 150000,
              "_slow": 75,
              "_retries": -1,
              "timedOut": false,
              "_currentRetry": 0,
              "pending": false,
              "file": "/home/runner/work/vc-json-schema-test-suite/vc-json-schema-test-suite/tests/jsonschemacredential.js",
              "parent": "aPOhuR3JzPS-hR02i1u1O",
              "ctx": null,
              "_testId": "urn:uuid:71052bbb-227c-49d7-9039-5ab20a3bb22e",
              "_events": {},
              "_eventsCount": 1,
              "timer": {
                "_idleTimeout": -1,
                "_idlePrev": null,
                "_idleNext": null,
                "_idleStart": 6495,
                "_onTimeout": null,
                "_repeat": null,
                "_destroyed": true
              },
              "cell": {
                "columnId": "tbd",
                "rowId": "2.1 ID - The value MUST be a URL that identifies the schema associated with the verifiable credential."
              },
              "duration": 218,
              "state": "failed",
              "err": {
                "name": "AssertionError",
                "message": "expected 'error' to equal 'success'",
                "showDiff": true,
                "actual": "error",
                "expected": "success",
                "operator": "strictEqual",
                "stack": "AssertionError: expected 'error' to equal 'success'\n    at should.equal (node_modules/chai/lib/chai/interface/should.js:98:35)\n    at Context.<anonymous> (file:///home/runner/work/vc-json-schema-test-suite/vc-json-schema-test-suite/tests/jsonschemacredential.js:31:18)"
              }
            },
            {
              "type": "test",
              "title": "2.1 The type property MUST be JsonSchemaCredential.",
              "body": "async function() {\n          await generateTestResults(i.name, schemaVersionName, jsonSchemaType, this.test.title);\n          this.test.cell = {columnId: i.name, rowId: this.test.title};\n          const result = await checkTestResults(i.name, schemaVersionName, jsonSchemaType, this.test.title);\n          should.equal(result, TestResult.success);\n        }",
              "async": 0,
              "sync": true,
              "_timeout": 150000,
              "_slow": 75,
              "_retries": -1,
              "timedOut": false,
              "_currentRetry": 0,
              "pending": false,
              "file": "/home/runner/work/vc-json-schema-test-suite/vc-json-schema-test-suite/tests/jsonschemacredential.js",
              "parent": "aPOhuR3JzPS-hR02i1u1O",
              "ctx": null,
              "_testId": "urn:uuid:e035f4eb-32f3-47ef-ba94-4a3b9ad2e174",
              "_events": {},
              "_eventsCount": 1,
              "timer": {
                "_idleTimeout": -1,
                "_idlePrev": null,
                "_idleNext": null,
                "_idleStart": 6711,
                "_onTimeout": null,
                "_repeat": null,
                "_destroyed": true
              },
              "cell": {
                "columnId": "tbd",
                "rowId": "2.1 The type property MUST be JsonSchemaCredential."
              },
              "duration": 214,
              "state": "failed",
              "err": {
                "name": "AssertionError",
                "message": "expected 'error' to equal 'success'",
                "showDiff": true,
                "actual": "error",
                "expected": "success",
                "operator": "strictEqual",
                "stack": "AssertionError: expected 'error' to equal 'success'\n    at should.equal (node_modules/chai/lib/chai/interface/should.js:98:35)\n    at Context.<anonymous> (file:///home/runner/work/vc-json-schema-test-suite/vc-json-schema-test-suite/tests/jsonschemacredential.js:38:18)"
              }
            },
            {
              "type": "test",
              "title": "2.2 The credentialSubject property MUST contain two properties: type - the value of which MUST be JsonSchema; jsonSchema - an object which contains a valid JSON Schema",
              "body": "async function() {\n          await generateTestResults(i.name, schemaVersionName, jsonSchemaType, this.test.title);\n          this.test.cell = {columnId: i.name, rowId: this.test.title};\n          const result = await checkTestResults(i.name, schemaVersionName, jsonSchemaType, this.test.title);\n          should.equal(result, TestResult.success);\n        }",
              "async": 0,
              "sync": true,
              "_timeout": 150000,
              "_slow": 75,
              "_retries": -1,
              "timedOut": false,
              "_currentRetry": 0,
              "pending": false,
              "file": "/home/runner/work/vc-json-schema-test-suite/vc-json-schema-test-suite/tests/jsonschemacredential.js",
              "parent": "aPOhuR3JzPS-hR02i1u1O",
              "ctx": null,
              "_testId": "urn:uuid:adf0806d-4738-44e2-9445-0dbf5162772f",
              "_events": {},
              "_eventsCount": 1,
              "timer": {
                "_idleTimeout": -1,
                "_idlePrev": null,
                "_idleNext": null,
                "_idleStart": 6927,
                "_onTimeout": null,
                "_repeat": null,
                "_destroyed": true
              },
              "cell": {
                "columnId": "tbd",
                "rowId": "2.2 The credentialSubject property MUST contain two properties: type - the value of which MUST be JsonSchema; jsonSchema - an object which contains a valid JSON Schema"
              },
              "duration": 277,
              "state": "failed",
              "err": {
                "name": "AssertionError",
                "message": "expected 'error' to equal 'success'",
                "showDiff": true,
                "actual": "error",
                "expected": "success",
                "operator": "strictEqual",
                "stack": "AssertionError: expected 'error' to equal 'success'\n    at should.equal (node_modules/chai/lib/chai/interface/should.js:98:35)\n    at Context.<anonymous> (file:///home/runner/work/vc-json-schema-test-suite/vc-json-schema-test-suite/tests/jsonschemacredential.js:45:18)"
              }
            },
            {
              "type": "test",
              "title": "2.2 The value of the credentialSchema property MUST always be set to [known json schema]",
              "body": "async function() {\n          await generateTestResults(i.name, schemaVersionName, jsonSchemaType, this.test.title);\n          this.test.cell = {columnId: i.name, rowId: this.test.title};\n          const result = await checkTestResults(i.name, schemaVersionName, jsonSchemaType, this.test.title);\n          should.equal(result, TestResult.success);\n        }",
              "async": 0,
              "sync": true,
              "_timeout": 150000,
              "_slow": 75,
              "_retries": -1,
              "timedOut": false,
              "_currentRetry": 0,
              "pending": false,
              "file": "/home/runner/work/vc-json-schema-test-suite/vc-json-schema-test-suite/tests/jsonschemacredential.js",
              "parent": "aPOhuR3JzPS-hR02i1u1O",
              "ctx": null,
              "_testId": "urn:uuid:aee9e9f0-33cc-49b2-8b3f-c546ca6dd38a",
              "_events": {},
              "_eventsCount": 1,
              "timer": {
                "_idleTimeout": -1,
                "_idlePrev": null,
                "_idleNext": null,
                "_idleStart": 7205,
                "_onTimeout": null,
                "_repeat": null,
                "_destroyed": true
              },
              "cell": {
                "columnId": "tbd",
                "rowId": "2.2 The value of the credentialSchema property MUST always be set to [known json schema]"
              },
              "duration": 217,
              "state": "failed",
              "err": {
                "name": "AssertionError",
                "message": "expected 'error' to equal 'success'",
                "showDiff": true,
                "actual": "error",
                "expected": "success",
                "operator": "strictEqual",
                "stack": "AssertionError: expected 'error' to equal 'success'\n    at should.equal (node_modules/chai/lib/chai/interface/should.js:98:35)\n    at Context.<anonymous> (file:///home/runner/work/vc-json-schema-test-suite/vc-json-schema-test-suite/tests/jsonschemacredential.js:52:18)"
              }
            },
            {
              "type": "test",
              "title": "3 Implementers MUST provide support for JSON Schema specifications where, in the following table, the required column's value is yes",
              "body": "async function() {\n          this.test.cell = {columnId: i.name, rowId: this.test.title};\n          if (schemaVersionName === JsonSchemaVersions['202012']) {\n            should.equal(true, true);\n          } else {\n            this.skip();\n          }\n        }",
              "async": 0,
              "sync": true,
              "_timeout": 150000,
              "_slow": 75,
              "_retries": -1,
              "timedOut": false,
              "_currentRetry": 0,
              "pending": false,
              "file": "/home/runner/work/vc-json-schema-test-suite/vc-json-schema-test-suite/tests/jsonschemacredential.js",
              "parent": "aPOhuR3JzPS-hR02i1u1O",
              "ctx": null,
              "_testId": "urn:uuid:88cac9f3-7657-4ee5-8eb5-9109c2367eb1",
              "_events": {},
              "_eventsCount": 1,
              "cell": {
                "columnId": "tbd",
                "rowId": "3 Implementers MUST provide support for JSON Schema specifications where, in the following table, the required column's value is yes"
              },
              "timer": {
                "_idleTimeout": -1,
                "_idlePrev": null,
                "_idleNext": null,
                "_idleStart": 7389,
                "_onTimeout": null,
                "_repeat": null,
                "_destroyed": true
              },
              "duration": 1,
              "state": "passed",
              "speed": "fast"
            },
            {
              "type": "test",
              "title": "3.1.1 The $id MUST be present and its value MUST represent a valid URI-reference",
              "body": "async function() {\n          await generateTestResults(i.name, schemaVersionName, jsonSchemaType, this.test.title);\n          this.test.cell = {columnId: i.name, rowId: this.test.title};\n          const result = await checkTestResults(i.name, schemaVersionName, jsonSchemaType, this.test.title);\n          should.equal(result, TestResult.success);\n        }",
              "async": 0,
              "sync": true,
              "_timeout": 150000,
              "_slow": 75,
              "_retries": -1,
              "timedOut": false,
              "_currentRetry": 0,
              "pending": false,
              "file": "/home/runner/work/vc-json-schema-test-suite/vc-json-schema-test-suite/tests/jsonschemacredential.js",
              "parent": "aPOhuR3JzPS-hR02i1u1O",
              "ctx": null,
              "_testId": "urn:uuid:9df749ad-47ce-4798-856e-368a64483ff0",
              "_events": {},
              "_eventsCount": 1,
              "timer": {
                "_idleTimeout": -1,
                "_idlePrev": null,
                "_idleNext": null,
                "_idleStart": 7420,
                "_onTimeout": null,
                "_repeat": null,
                "_destroyed": true
              },
              "cell": {
                "columnId": "tbd",
                "rowId": "3.1.1 The $id MUST be present and its value MUST represent a valid URI-reference"
              },
              "duration": 246,
              "state": "failed",
              "err": {
                "name": "AssertionError",
                "message": "expected 'error' to equal 'success'",
                "showDiff": true,
                "actual": "error",
                "expected": "success",
                "operator": "strictEqual",
                "stack": "AssertionError: expected 'error' to equal 'success'\n    at should.equal (node_modules/chai/lib/chai/interface/should.js:98:35)\n    at Context.<anonymous> (file:///home/runner/work/vc-json-schema-test-suite/vc-json-schema-test-suite/tests/jsonschemacredential.js:68:18)"
              }
            },
            {
              "type": "test",
              "title": "3.1.2, 4 The $schema property MUST be present in each schema",
              "body": "async function() {\n          await generateTestResults(i.name, schemaVersionName, jsonSchemaType, this.test.title);\n          this.test.cell = {columnId: i.name, rowId: this.test.title};\n          const result = await checkTestResults(i.name, schemaVersionName, jsonSchemaType, this.test.title);\n          should.equal(result, TestResult.success);\n        }",
              "async": 0,
              "sync": true,
              "_timeout": 150000,
              "_slow": 75,
              "_retries": -1,
              "timedOut": false,
              "_currentRetry": 0,
              "pending": false,
              "file": "/home/runner/work/vc-json-schema-test-suite/vc-json-schema-test-suite/tests/jsonschemacredential.js",
              "parent": "aPOhuR3JzPS-hR02i1u1O",
              "ctx": null,
              "_testId": "urn:uuid:21be32ce-afe4-442a-9adb-436693ccf1bd",
              "_events": {},
              "_eventsCount": 1,
              "timer": {
                "_idleTimeout": -1,
                "_idlePrev": null,
                "_idleNext": null,
                "_idleStart": 7670,
                "_onTimeout": null,
                "_repeat": null,
                "_destroyed": true
              },
              "cell": {
                "columnId": "tbd",
                "rowId": "3.1.2, 4 The $schema property MUST be present in each schema"
              },
              "duration": 218,
              "state": "failed",
              "err": {
                "name": "AssertionError",
                "message": "expected 'error' to equal 'success'",
                "showDiff": true,
                "actual": "error",
                "expected": "success",
                "operator": "strictEqual",
                "stack": "AssertionError: expected 'error' to equal 'success'\n    at should.equal (node_modules/chai/lib/chai/interface/should.js:98:35)\n    at Context.<anonymous> (file:///home/runner/work/vc-json-schema-test-suite/vc-json-schema-test-suite/tests/jsonschemacredential.js:76:18)"
              }
            },
            {
              "type": "test",
              "title": "4.2 (Success) Validation MUST result in one of the following three possible outcomes: success, failure, or indeterminate.",
              "body": "async function() {\n          await generateTestResults(i.name, schemaVersionName, jsonSchemaType, this.test.title);\n          this.test.cell = {columnId: i.name, rowId: this.test.title};\n          const result = await checkTestResults(i.name, schemaVersionName, jsonSchemaType, this.test.title);\n          should.equal(result, TestResult.success);\n        }",
              "async": 0,
              "sync": true,
              "_timeout": 150000,
              "_slow": 75,
              "_retries": -1,
              "timedOut": false,
              "_currentRetry": 0,
              "pending": false,
              "file": "/home/runner/work/vc-json-schema-test-suite/vc-json-schema-test-suite/tests/jsonschemacredential.js",
              "parent": "aPOhuR3JzPS-hR02i1u1O",
              "ctx": null,
              "_testId": "urn:uuid:7ace912a-b7fe-4d44-9594-01f8dbe74be8",
              "_events": {},
              "_eventsCount": 1,
              "timer": {
                "_idleTimeout": -1,
                "_idlePrev": null,
                "_idleNext": null,
                "_idleStart": 7887,
                "_onTimeout": null,
                "_repeat": null,
                "_destroyed": true
              },
              "cell": {
                "columnId": "tbd",
                "rowId": "4.2 (Success) Validation MUST result in one of the following three possible outcomes: success, failure, or indeterminate."
              },
              "duration": 184,
              "state": "failed",
              "err": {
                "name": "AssertionError",
                "message": "expected 'error' to equal 'success'",
                "showDiff": true,
                "actual": "error",
                "expected": "success",
                "operator": "strictEqual",
                "stack": "AssertionError: expected 'error' to equal 'success'\n    at should.equal (node_modules/chai/lib/chai/interface/should.js:98:35)\n    at Context.<anonymous> (file:///home/runner/work/vc-json-schema-test-suite/vc-json-schema-test-suite/tests/jsonschemacredential.js:83:18)"
              }
            },
            {
              "type": "test",
              "title": "4.2 (Failure) Validation MUST result in one of the following three possible outcomes: success, failure, or indeterminate.",
              "body": "async function() {\n          await generateTestResults(i.name, schemaVersionName, jsonSchemaType, this.test.title);\n          this.test.cell = {columnId: i.name, rowId: this.test.title};\n          const result = await checkTestResults(i.name, schemaVersionName, jsonSchemaType, this.test.title);\n          should.equal(result, TestResult.success);\n        }",
              "async": 0,
              "sync": true,
              "_timeout": 150000,
              "_slow": 75,
              "_retries": -1,
              "timedOut": false,
              "_currentRetry": 0,
              "pending": false,
              "file": "/home/runner/work/vc-json-schema-test-suite/vc-json-schema-test-suite/tests/jsonschemacredential.js",
              "parent": "aPOhuR3JzPS-hR02i1u1O",
              "ctx": null,
              "_testId": "urn:uuid:f691bd51-e464-40fc-9516-2f19ae79984b",
              "_events": {},
              "_eventsCount": 1,
              "timer": {
                "_idleTimeout": -1,
                "_idlePrev": null,
                "_idleNext": null,
                "_idleStart": 8070,
                "_onTimeout": null,
                "_repeat": null,
                "_destroyed": true
              },
              "cell": {
                "columnId": "tbd",
                "rowId": "4.2 (Failure) Validation MUST result in one of the following three possible outcomes: success, failure, or indeterminate."
              },
              "duration": 184,
              "state": "failed",
              "err": {
                "name": "AssertionError",
                "message": "expected 'error' to equal 'success'",
                "showDiff": true,
                "actual": "error",
                "expected": "success",
                "operator": "strictEqual",
                "stack": "AssertionError: expected 'error' to equal 'success'\n    at should.equal (node_modules/chai/lib/chai/interface/should.js:98:35)\n    at Context.<anonymous> (file:///home/runner/work/vc-json-schema-test-suite/vc-json-schema-test-suite/tests/jsonschemacredential.js:90:18)"
              }
            },
            {
              "type": "test",
              "title": "4.2 (Indeterminate) Validation MUST result in one of the following three possible outcomes: success, failure, or indeterminate.",
              "body": "async function() {\n          await generateTestResults(i.name, schemaVersionName, jsonSchemaType, this.test.title);\n          this.test.cell = {columnId: i.name, rowId: this.test.title};\n          const result = await checkTestResults(i.name, schemaVersionName, jsonSchemaType, this.test.title);\n          should.equal(result, TestResult.success);\n        }",
              "async": 0,
              "sync": true,
              "_timeout": 150000,
              "_slow": 75,
              "_retries": -1,
              "timedOut": false,
              "_currentRetry": 0,
              "pending": false,
              "file": "/home/runner/work/vc-json-schema-test-suite/vc-json-schema-test-suite/tests/jsonschemacredential.js",
              "parent": "aPOhuR3JzPS-hR02i1u1O",
              "ctx": null,
              "_testId": "urn:uuid:7ea29d5e-fd54-4ee8-8e40-cb2c4958f1c6",
              "_events": {},
              "_eventsCount": 1,
              "timer": {
                "_idleTimeout": -1,
                "_idlePrev": null,
                "_idleNext": null,
                "_idleStart": 8260,
                "_onTimeout": null,
                "_repeat": null,
                "_destroyed": true
              },
              "cell": {
                "columnId": "tbd",
                "rowId": "4.2 (Indeterminate) Validation MUST result in one of the following three possible outcomes: success, failure, or indeterminate."
              },
              "duration": 185,
              "state": "failed",
              "err": {
                "name": "AssertionError",
                "message": "expected 'error' to equal 'success'",
                "showDiff": true,
                "actual": "error",
                "expected": "success",
                "operator": "strictEqual",
                "stack": "AssertionError: expected 'error' to equal 'success'\n    at should.equal (node_modules/chai/lib/chai/interface/should.js:98:35)\n    at Context.<anonymous> (file:///home/runner/work/vc-json-schema-test-suite/vc-json-schema-test-suite/tests/jsonschemacredential.js:97:18)"
              }
            }
          ],
          "root": false,
          "pending": false,
          "_retries": -1,
          "_beforeEach": [],
          "_beforeAll": [],
          "_afterEach": [],
          "_afterAll": [],
          "_timeout": 150000,
          "_slow": 75,
          "_bail": false,
          "_onlyTests": [],
          "_onlySuites": [],
          "delayed": false,
          "parent": "dYG8CGjL9oid0IlD5M5oJ",
          "file": "/home/runner/work/vc-json-schema-test-suite/vc-json-schema-test-suite/tests/jsonschemacredential.js",
          "_testId": "urn:uuid:97d05134-81cb-4e9a-af88-811473a0cd45"
        }
      ],
      "tests": [
        {
          "type": "test",
          "title": "2.1 ID - The value MUST be a URL that identifies the schema associated with the verifiable credential.",
          "body": "async function() {\n          await generateTestResults(i.name, schemaVersionName, jsonSchemaType, this.test.title);\n          this.test.cell = {columnId: i.name, rowId: this.test.title};\n          const result = await checkTestResults(i.name, schemaVersionName, jsonSchemaType, this.test.title);\n          should.equal(result, TestResult.success);\n        }",
          "async": 0,
          "sync": true,
          "_timeout": 150000,
          "_slow": 75,
          "_retries": -1,
          "timedOut": false,
          "_currentRetry": 0,
          "pending": false,
          "file": "/home/runner/work/vc-json-schema-test-suite/vc-json-schema-test-suite/tests/jsonschemacredential.js",
          "parent": "aPOhuR3JzPS-hR02i1u1O",
          "ctx": null,
          "_testId": "urn:uuid:71052bbb-227c-49d7-9039-5ab20a3bb22e",
          "_events": {},
          "_eventsCount": 1,
          "timer": {
            "_idleTimeout": -1,
            "_idlePrev": null,
            "_idleNext": null,
            "_idleStart": 6495,
            "_onTimeout": null,
            "_repeat": null,
            "_destroyed": true
          },
          "cell": {
            "columnId": "tbd",
            "rowId": "2.1 ID - The value MUST be a URL that identifies the schema associated with the verifiable credential."
          },
          "duration": 218,
          "state": "failed",
          "err": {
            "name": "AssertionError",
            "message": "expected 'error' to equal 'success'",
            "showDiff": true,
            "actual": "error",
            "expected": "success",
            "operator": "strictEqual",
            "stack": "AssertionError: expected 'error' to equal 'success'\n    at should.equal (node_modules/chai/lib/chai/interface/should.js:98:35)\n    at Context.<anonymous> (file:///home/runner/work/vc-json-schema-test-suite/vc-json-schema-test-suite/tests/jsonschemacredential.js:31:18)"
          }
        },
        {
          "type": "test",
          "title": "2.1 The type property MUST be JsonSchemaCredential.",
          "body": "async function() {\n          await generateTestResults(i.name, schemaVersionName, jsonSchemaType, this.test.title);\n          this.test.cell = {columnId: i.name, rowId: this.test.title};\n          const result = await checkTestResults(i.name, schemaVersionName, jsonSchemaType, this.test.title);\n          should.equal(result, TestResult.success);\n        }",
          "async": 0,
          "sync": true,
          "_timeout": 150000,
          "_slow": 75,
          "_retries": -1,
          "timedOut": false,
          "_currentRetry": 0,
          "pending": false,
          "file": "/home/runner/work/vc-json-schema-test-suite/vc-json-schema-test-suite/tests/jsonschemacredential.js",
          "parent": "aPOhuR3JzPS-hR02i1u1O",
          "ctx": null,
          "_testId": "urn:uuid:e035f4eb-32f3-47ef-ba94-4a3b9ad2e174",
          "_events": {},
          "_eventsCount": 1,
          "timer": {
            "_idleTimeout": -1,
            "_idlePrev": null,
            "_idleNext": null,
            "_idleStart": 6711,
            "_onTimeout": null,
            "_repeat": null,
            "_destroyed": true
          },
          "cell": {
            "columnId": "tbd",
            "rowId": "2.1 The type property MUST be JsonSchemaCredential."
          },
          "duration": 214,
          "state": "failed",
          "err": {
            "name": "AssertionError",
            "message": "expected 'error' to equal 'success'",
            "showDiff": true,
            "actual": "error",
            "expected": "success",
            "operator": "strictEqual",
            "stack": "AssertionError: expected 'error' to equal 'success'\n    at should.equal (node_modules/chai/lib/chai/interface/should.js:98:35)\n    at Context.<anonymous> (file:///home/runner/work/vc-json-schema-test-suite/vc-json-schema-test-suite/tests/jsonschemacredential.js:38:18)"
          }
        },
        {
          "type": "test",
          "title": "2.2 The credentialSubject property MUST contain two properties: type - the value of which MUST be JsonSchema; jsonSchema - an object which contains a valid JSON Schema",
          "body": "async function() {\n          await generateTestResults(i.name, schemaVersionName, jsonSchemaType, this.test.title);\n          this.test.cell = {columnId: i.name, rowId: this.test.title};\n          const result = await checkTestResults(i.name, schemaVersionName, jsonSchemaType, this.test.title);\n          should.equal(result, TestResult.success);\n        }",
          "async": 0,
          "sync": true,
          "_timeout": 150000,
          "_slow": 75,
          "_retries": -1,
          "timedOut": false,
          "_currentRetry": 0,
          "pending": false,
          "file": "/home/runner/work/vc-json-schema-test-suite/vc-json-schema-test-suite/tests/jsonschemacredential.js",
          "parent": "aPOhuR3JzPS-hR02i1u1O",
          "ctx": null,
          "_testId": "urn:uuid:adf0806d-4738-44e2-9445-0dbf5162772f",
          "_events": {},
          "_eventsCount": 1,
          "timer": {
            "_idleTimeout": -1,
            "_idlePrev": null,
            "_idleNext": null,
            "_idleStart": 6927,
            "_onTimeout": null,
            "_repeat": null,
            "_destroyed": true
          },
          "cell": {
            "columnId": "tbd",
            "rowId": "2.2 The credentialSubject property MUST contain two properties: type - the value of which MUST be JsonSchema; jsonSchema - an object which contains a valid JSON Schema"
          },
          "duration": 277,
          "state": "failed",
          "err": {
            "name": "AssertionError",
            "message": "expected 'error' to equal 'success'",
            "showDiff": true,
            "actual": "error",
            "expected": "success",
            "operator": "strictEqual",
            "stack": "AssertionError: expected 'error' to equal 'success'\n    at should.equal (node_modules/chai/lib/chai/interface/should.js:98:35)\n    at Context.<anonymous> (file:///home/runner/work/vc-json-schema-test-suite/vc-json-schema-test-suite/tests/jsonschemacredential.js:45:18)"
          }
        },
        {
          "type": "test",
          "title": "2.2 The value of the credentialSchema property MUST always be set to [known json schema]",
          "body": "async function() {\n          await generateTestResults(i.name, schemaVersionName, jsonSchemaType, this.test.title);\n          this.test.cell = {columnId: i.name, rowId: this.test.title};\n          const result = await checkTestResults(i.name, schemaVersionName, jsonSchemaType, this.test.title);\n          should.equal(result, TestResult.success);\n        }",
          "async": 0,
          "sync": true,
          "_timeout": 150000,
          "_slow": 75,
          "_retries": -1,
          "timedOut": false,
          "_currentRetry": 0,
          "pending": false,
          "file": "/home/runner/work/vc-json-schema-test-suite/vc-json-schema-test-suite/tests/jsonschemacredential.js",
          "parent": "aPOhuR3JzPS-hR02i1u1O",
          "ctx": null,
          "_testId": "urn:uuid:aee9e9f0-33cc-49b2-8b3f-c546ca6dd38a",
          "_events": {},
          "_eventsCount": 1,
          "timer": {
            "_idleTimeout": -1,
            "_idlePrev": null,
            "_idleNext": null,
            "_idleStart": 7205,
            "_onTimeout": null,
            "_repeat": null,
            "_destroyed": true
          },
          "cell": {
            "columnId": "tbd",
            "rowId": "2.2 The value of the credentialSchema property MUST always be set to [known json schema]"
          },
          "duration": 217,
          "state": "failed",
          "err": {
            "name": "AssertionError",
            "message": "expected 'error' to equal 'success'",
            "showDiff": true,
            "actual": "error",
            "expected": "success",
            "operator": "strictEqual",
            "stack": "AssertionError: expected 'error' to equal 'success'\n    at should.equal (node_modules/chai/lib/chai/interface/should.js:98:35)\n    at Context.<anonymous> (file:///home/runner/work/vc-json-schema-test-suite/vc-json-schema-test-suite/tests/jsonschemacredential.js:52:18)"
          }
        },
        {
          "type": "test",
          "title": "3 Implementers MUST provide support for JSON Schema specifications where, in the following table, the required column's value is yes",
          "body": "async function() {\n          this.test.cell = {columnId: i.name, rowId: this.test.title};\n          if (schemaVersionName === JsonSchemaVersions['202012']) {\n            should.equal(true, true);\n          } else {\n            this.skip();\n          }\n        }",
          "async": 0,
          "sync": true,
          "_timeout": 150000,
          "_slow": 75,
          "_retries": -1,
          "timedOut": false,
          "_currentRetry": 0,
          "pending": false,
          "file": "/home/runner/work/vc-json-schema-test-suite/vc-json-schema-test-suite/tests/jsonschemacredential.js",
          "parent": "aPOhuR3JzPS-hR02i1u1O",
          "ctx": null,
          "_testId": "urn:uuid:88cac9f3-7657-4ee5-8eb5-9109c2367eb1",
          "_events": {},
          "_eventsCount": 1,
          "cell": {
            "columnId": "tbd",
            "rowId": "3 Implementers MUST provide support for JSON Schema specifications where, in the following table, the required column's value is yes"
          },
          "timer": {
            "_idleTimeout": -1,
            "_idlePrev": null,
            "_idleNext": null,
            "_idleStart": 7389,
            "_onTimeout": null,
            "_repeat": null,
            "_destroyed": true
          },
          "duration": 1,
          "state": "passed",
          "speed": "fast"
        },
        {
          "type": "test",
          "title": "3.1.1 The $id MUST be present and its value MUST represent a valid URI-reference",
          "body": "async function() {\n          await generateTestResults(i.name, schemaVersionName, jsonSchemaType, this.test.title);\n          this.test.cell = {columnId: i.name, rowId: this.test.title};\n          const result = await checkTestResults(i.name, schemaVersionName, jsonSchemaType, this.test.title);\n          should.equal(result, TestResult.success);\n        }",
          "async": 0,
          "sync": true,
          "_timeout": 150000,
          "_slow": 75,
          "_retries": -1,
          "timedOut": false,
          "_currentRetry": 0,
          "pending": false,
          "file": "/home/runner/work/vc-json-schema-test-suite/vc-json-schema-test-suite/tests/jsonschemacredential.js",
          "parent": "aPOhuR3JzPS-hR02i1u1O",
          "ctx": null,
          "_testId": "urn:uuid:9df749ad-47ce-4798-856e-368a64483ff0",
          "_events": {},
          "_eventsCount": 1,
          "timer": {
            "_idleTimeout": -1,
            "_idlePrev": null,
            "_idleNext": null,
            "_idleStart": 7420,
            "_onTimeout": null,
            "_repeat": null,
            "_destroyed": true
          },
          "cell": {
            "columnId": "tbd",
            "rowId": "3.1.1 The $id MUST be present and its value MUST represent a valid URI-reference"
          },
          "duration": 246,
          "state": "failed",
          "err": {
            "name": "AssertionError",
            "message": "expected 'error' to equal 'success'",
            "showDiff": true,
            "actual": "error",
            "expected": "success",
            "operator": "strictEqual",
            "stack": "AssertionError: expected 'error' to equal 'success'\n    at should.equal (node_modules/chai/lib/chai/interface/should.js:98:35)\n    at Context.<anonymous> (file:///home/runner/work/vc-json-schema-test-suite/vc-json-schema-test-suite/tests/jsonschemacredential.js:68:18)"
          }
        },
        {
          "type": "test",
          "title": "3.1.2, 4 The $schema property MUST be present in each schema",
          "body": "async function() {\n          await generateTestResults(i.name, schemaVersionName, jsonSchemaType, this.test.title);\n          this.test.cell = {columnId: i.name, rowId: this.test.title};\n          const result = await checkTestResults(i.name, schemaVersionName, jsonSchemaType, this.test.title);\n          should.equal(result, TestResult.success);\n        }",
          "async": 0,
          "sync": true,
          "_timeout": 150000,
          "_slow": 75,
          "_retries": -1,
          "timedOut": false,
          "_currentRetry": 0,
          "pending": false,
          "file": "/home/runner/work/vc-json-schema-test-suite/vc-json-schema-test-suite/tests/jsonschemacredential.js",
          "parent": "aPOhuR3JzPS-hR02i1u1O",
          "ctx": null,
          "_testId": "urn:uuid:21be32ce-afe4-442a-9adb-436693ccf1bd",
          "_events": {},
          "_eventsCount": 1,
          "timer": {
            "_idleTimeout": -1,
            "_idlePrev": null,
            "_idleNext": null,
            "_idleStart": 7670,
            "_onTimeout": null,
            "_repeat": null,
            "_destroyed": true
          },
          "cell": {
            "columnId": "tbd",
            "rowId": "3.1.2, 4 The $schema property MUST be present in each schema"
          },
          "duration": 218,
          "state": "failed",
          "err": {
            "name": "AssertionError",
            "message": "expected 'error' to equal 'success'",
            "showDiff": true,
            "actual": "error",
            "expected": "success",
            "operator": "strictEqual",
            "stack": "AssertionError: expected 'error' to equal 'success'\n    at should.equal (node_modules/chai/lib/chai/interface/should.js:98:35)\n    at Context.<anonymous> (file:///home/runner/work/vc-json-schema-test-suite/vc-json-schema-test-suite/tests/jsonschemacredential.js:76:18)"
          }
        },
        {
          "type": "test",
          "title": "4.2 (Success) Validation MUST result in one of the following three possible outcomes: success, failure, or indeterminate.",
          "body": "async function() {\n          await generateTestResults(i.name, schemaVersionName, jsonSchemaType, this.test.title);\n          this.test.cell = {columnId: i.name, rowId: this.test.title};\n          const result = await checkTestResults(i.name, schemaVersionName, jsonSchemaType, this.test.title);\n          should.equal(result, TestResult.success);\n        }",
          "async": 0,
          "sync": true,
          "_timeout": 150000,
          "_slow": 75,
          "_retries": -1,
          "timedOut": false,
          "_currentRetry": 0,
          "pending": false,
          "file": "/home/runner/work/vc-json-schema-test-suite/vc-json-schema-test-suite/tests/jsonschemacredential.js",
          "parent": "aPOhuR3JzPS-hR02i1u1O",
          "ctx": null,
          "_testId": "urn:uuid:7ace912a-b7fe-4d44-9594-01f8dbe74be8",
          "_events": {},
          "_eventsCount": 1,
          "timer": {
            "_idleTimeout": -1,
            "_idlePrev": null,
            "_idleNext": null,
            "_idleStart": 7887,
            "_onTimeout": null,
            "_repeat": null,
            "_destroyed": true
          },
          "cell": {
            "columnId": "tbd",
            "rowId": "4.2 (Success) Validation MUST result in one of the following three possible outcomes: success, failure, or indeterminate."
          },
          "duration": 184,
          "state": "failed",
          "err": {
            "name": "AssertionError",
            "message": "expected 'error' to equal 'success'",
            "showDiff": true,
            "actual": "error",
            "expected": "success",
            "operator": "strictEqual",
            "stack": "AssertionError: expected 'error' to equal 'success'\n    at should.equal (node_modules/chai/lib/chai/interface/should.js:98:35)\n    at Context.<anonymous> (file:///home/runner/work/vc-json-schema-test-suite/vc-json-schema-test-suite/tests/jsonschemacredential.js:83:18)"
          }
        },
        {
          "type": "test",
          "title": "4.2 (Failure) Validation MUST result in one of the following three possible outcomes: success, failure, or indeterminate.",
          "body": "async function() {\n          await generateTestResults(i.name, schemaVersionName, jsonSchemaType, this.test.title);\n          this.test.cell = {columnId: i.name, rowId: this.test.title};\n          const result = await checkTestResults(i.name, schemaVersionName, jsonSchemaType, this.test.title);\n          should.equal(result, TestResult.success);\n        }",
          "async": 0,
          "sync": true,
          "_timeout": 150000,
          "_slow": 75,
          "_retries": -1,
          "timedOut": false,
          "_currentRetry": 0,
          "pending": false,
          "file": "/home/runner/work/vc-json-schema-test-suite/vc-json-schema-test-suite/tests/jsonschemacredential.js",
          "parent": "aPOhuR3JzPS-hR02i1u1O",
          "ctx": null,
          "_testId": "urn:uuid:f691bd51-e464-40fc-9516-2f19ae79984b",
          "_events": {},
          "_eventsCount": 1,
          "timer": {
            "_idleTimeout": -1,
            "_idlePrev": null,
            "_idleNext": null,
            "_idleStart": 8070,
            "_onTimeout": null,
            "_repeat": null,
            "_destroyed": true
          },
          "cell": {
            "columnId": "tbd",
            "rowId": "4.2 (Failure) Validation MUST result in one of the following three possible outcomes: success, failure, or indeterminate."
          },
          "duration": 184,
          "state": "failed",
          "err": {
            "name": "AssertionError",
            "message": "expected 'error' to equal 'success'",
            "showDiff": true,
            "actual": "error",
            "expected": "success",
            "operator": "strictEqual",
            "stack": "AssertionError: expected 'error' to equal 'success'\n    at should.equal (node_modules/chai/lib/chai/interface/should.js:98:35)\n    at Context.<anonymous> (file:///home/runner/work/vc-json-schema-test-suite/vc-json-schema-test-suite/tests/jsonschemacredential.js:90:18)"
          }
        },
        {
          "type": "test",
          "title": "4.2 (Indeterminate) Validation MUST result in one of the following three possible outcomes: success, failure, or indeterminate.",
          "body": "async function() {\n          await generateTestResults(i.name, schemaVersionName, jsonSchemaType, this.test.title);\n          this.test.cell = {columnId: i.name, rowId: this.test.title};\n          const result = await checkTestResults(i.name, schemaVersionName, jsonSchemaType, this.test.title);\n          should.equal(result, TestResult.success);\n        }",
          "async": 0,
          "sync": true,
          "_timeout": 150000,
          "_slow": 75,
          "_retries": -1,
          "timedOut": false,
          "_currentRetry": 0,
          "pending": false,
          "file": "/home/runner/work/vc-json-schema-test-suite/vc-json-schema-test-suite/tests/jsonschemacredential.js",
          "parent": "aPOhuR3JzPS-hR02i1u1O",
          "ctx": null,
          "_testId": "urn:uuid:7ea29d5e-fd54-4ee8-8e40-cb2c4958f1c6",
          "_events": {},
          "_eventsCount": 1,
          "timer": {
            "_idleTimeout": -1,
            "_idlePrev": null,
            "_idleNext": null,
            "_idleStart": 8260,
            "_onTimeout": null,
            "_repeat": null,
            "_destroyed": true
          },
          "cell": {
            "columnId": "tbd",
            "rowId": "4.2 (Indeterminate) Validation MUST result in one of the following three possible outcomes: success, failure, or indeterminate."
          },
          "duration": 185,
          "state": "failed",
          "err": {
            "name": "AssertionError",
            "message": "expected 'error' to equal 'success'",
            "showDiff": true,
            "actual": "error",
            "expected": "success",
            "operator": "strictEqual",
            "stack": "AssertionError: expected 'error' to equal 'success'\n    at should.equal (node_modules/chai/lib/chai/interface/should.js:98:35)\n    at Context.<anonymous> (file:///home/runner/work/vc-json-schema-test-suite/vc-json-schema-test-suite/tests/jsonschemacredential.js:97:18)"
          }
        }
      ],
      "root": false,
      "pending": false,
      "_retries": -1,
      "_beforeEach": [],
      "_beforeAll": [],
      "_afterEach": [],
      "_afterAll": [],
      "_timeout": 150000,
      "_slow": 75,
      "_bail": false,
      "_onlyTests": [],
      "_onlySuites": [],
      "delayed": false,
      "parent": "1BN0fXcmb6_5EVc4yKLcb",
      "file": "/home/runner/work/vc-json-schema-test-suite/vc-json-schema-test-suite/tests/jsonschemacredential.js",
      "matrix": true,
      "report": true,
      "implemented": [
        "tbd"
      ],
      "rowLabel": "Test Name",
      "columnLabel": "Implementation",
      "_testId": "urn:uuid:379e402f-adec-456d-8c37-04bb6b138448"
    },
    {
      "title": "JsonSchemaCredential – JSON Schema Draft-7",
      "ctx": null,
      "suites": [
        {
          "title": "tbd",
          "ctx": null,
          "suites": [],
          "tests": [
            {
              "type": "test",
              "title": "2.1 ID - The value MUST be a URL that identifies the schema associated with the verifiable credential.",
              "body": "async function() {\n          await generateTestResults(i.name, schemaVersionName, jsonSchemaType, this.test.title);\n          this.test.cell = {columnId: i.name, rowId: this.test.title};\n          const result = await checkTestResults(i.name, schemaVersionName, jsonSchemaType, this.test.title);\n          should.equal(result, TestResult.success);\n        }",
              "async": 0,
              "sync": true,
              "_timeout": 150000,
              "_slow": 75,
              "_retries": -1,
              "timedOut": false,
              "_currentRetry": 0,
              "pending": false,
              "file": "/home/runner/work/vc-json-schema-test-suite/vc-json-schema-test-suite/tests/jsonschemacredential.js",
              "parent": "ZANvSAiwbEOp5nn9jJpTt",
              "ctx": null,
              "_testId": "urn:uuid:83ac530f-e69a-44f7-87f7-087e46cf7cce",
              "_events": {},
              "_eventsCount": 1,
              "timer": {
                "_idleTimeout": -1,
                "_idlePrev": null,
                "_idleNext": null,
                "_idleStart": 8444,
                "_onTimeout": null,
                "_repeat": null,
                "_destroyed": true
              },
              "cell": {
                "columnId": "tbd",
                "rowId": "2.1 ID - The value MUST be a URL that identifies the schema associated with the verifiable credential."
              },
              "duration": 215,
              "state": "failed",
              "err": {
                "name": "AssertionError",
                "message": "expected 'error' to equal 'success'",
                "showDiff": true,
                "actual": "error",
                "expected": "success",
                "operator": "strictEqual",
                "stack": "AssertionError: expected 'error' to equal 'success'\n    at should.equal (node_modules/chai/lib/chai/interface/should.js:98:35)\n    at Context.<anonymous> (file:///home/runner/work/vc-json-schema-test-suite/vc-json-schema-test-suite/tests/jsonschemacredential.js:31:18)"
              }
            },
            {
              "type": "test",
              "title": "2.1 The type property MUST be JsonSchemaCredential.",
              "body": "async function() {\n          await generateTestResults(i.name, schemaVersionName, jsonSchemaType, this.test.title);\n          this.test.cell = {columnId: i.name, rowId: this.test.title};\n          const result = await checkTestResults(i.name, schemaVersionName, jsonSchemaType, this.test.title);\n          should.equal(result, TestResult.success);\n        }",
              "async": 0,
              "sync": true,
              "_timeout": 150000,
              "_slow": 75,
              "_retries": -1,
              "timedOut": false,
              "_currentRetry": 0,
              "pending": false,
              "file": "/home/runner/work/vc-json-schema-test-suite/vc-json-schema-test-suite/tests/jsonschemacredential.js",
              "parent": "ZANvSAiwbEOp5nn9jJpTt",
              "ctx": null,
              "_testId": "urn:uuid:802a07ff-d0be-4e1f-8b22-ad857a50e7a8",
              "_events": {},
              "_eventsCount": 1,
              "timer": {
                "_idleTimeout": -1,
                "_idlePrev": null,
                "_idleNext": null,
                "_idleStart": 8658,
                "_onTimeout": null,
                "_repeat": null,
                "_destroyed": true
              },
              "cell": {
                "columnId": "tbd",
                "rowId": "2.1 The type property MUST be JsonSchemaCredential."
              },
              "duration": 219,
              "state": "failed",
              "err": {
                "name": "AssertionError",
                "message": "expected 'error' to equal 'success'",
                "showDiff": true,
                "actual": "error",
                "expected": "success",
                "operator": "strictEqual",
                "stack": "AssertionError: expected 'error' to equal 'success'\n    at should.equal (node_modules/chai/lib/chai/interface/should.js:98:35)\n    at Context.<anonymous> (file:///home/runner/work/vc-json-schema-test-suite/vc-json-schema-test-suite/tests/jsonschemacredential.js:38:18)"
              }
            },
            {
              "type": "test",
              "title": "2.2 The credentialSubject property MUST contain two properties: type - the value of which MUST be JsonSchema; jsonSchema - an object which contains a valid JSON Schema",
              "body": "async function() {\n          await generateTestResults(i.name, schemaVersionName, jsonSchemaType, this.test.title);\n          this.test.cell = {columnId: i.name, rowId: this.test.title};\n          const result = await checkTestResults(i.name, schemaVersionName, jsonSchemaType, this.test.title);\n          should.equal(result, TestResult.success);\n        }",
              "async": 0,
              "sync": true,
              "_timeout": 150000,
              "_slow": 75,
              "_retries": -1,
              "timedOut": false,
              "_currentRetry": 0,
              "pending": false,
              "file": "/home/runner/work/vc-json-schema-test-suite/vc-json-schema-test-suite/tests/jsonschemacredential.js",
              "parent": "ZANvSAiwbEOp5nn9jJpTt",
              "ctx": null,
              "_testId": "urn:uuid:46bff4e0-2b76-4f83-92e3-c309dc29ca2c",
              "_events": {},
              "_eventsCount": 1,
              "timer": {
                "_idleTimeout": -1,
                "_idlePrev": null,
                "_idleNext": null,
                "_idleStart": 8878,
                "_onTimeout": null,
                "_repeat": null,
                "_destroyed": true
              },
              "cell": {
                "columnId": "tbd",
                "rowId": "2.2 The credentialSubject property MUST contain two properties: type - the value of which MUST be JsonSchema; jsonSchema - an object which contains a valid JSON Schema"
              },
              "duration": 274,
              "state": "failed",
              "err": {
                "name": "AssertionError",
                "message": "expected 'error' to equal 'success'",
                "showDiff": true,
                "actual": "error",
                "expected": "success",
                "operator": "strictEqual",
                "stack": "AssertionError: expected 'error' to equal 'success'\n    at should.equal (node_modules/chai/lib/chai/interface/should.js:98:35)\n    at Context.<anonymous> (file:///home/runner/work/vc-json-schema-test-suite/vc-json-schema-test-suite/tests/jsonschemacredential.js:45:18)"
              }
            },
            {
              "type": "test",
              "title": "2.2 The value of the credentialSchema property MUST always be set to [known json schema]",
              "body": "async function() {\n          await generateTestResults(i.name, schemaVersionName, jsonSchemaType, this.test.title);\n          this.test.cell = {columnId: i.name, rowId: this.test.title};\n          const result = await checkTestResults(i.name, schemaVersionName, jsonSchemaType, this.test.title);\n          should.equal(result, TestResult.success);\n        }",
              "async": 0,
              "sync": true,
              "_timeout": 150000,
              "_slow": 75,
              "_retries": -1,
              "timedOut": false,
              "_currentRetry": 0,
              "pending": false,
              "file": "/home/runner/work/vc-json-schema-test-suite/vc-json-schema-test-suite/tests/jsonschemacredential.js",
              "parent": "ZANvSAiwbEOp5nn9jJpTt",
              "ctx": null,
              "_testId": "urn:uuid:3dc362f3-fa77-44b9-bcca-48955b2325b6",
              "_events": {},
              "_eventsCount": 1,
              "timer": {
                "_idleTimeout": -1,
                "_idlePrev": null,
                "_idleNext": null,
                "_idleStart": 9153,
                "_onTimeout": null,
                "_repeat": null,
                "_destroyed": true
              },
              "cell": {
                "columnId": "tbd",
                "rowId": "2.2 The value of the credentialSchema property MUST always be set to [known json schema]"
              },
              "duration": 214,
              "state": "failed",
              "err": {
                "name": "AssertionError",
                "message": "expected 'error' to equal 'success'",
                "showDiff": true,
                "actual": "error",
                "expected": "success",
                "operator": "strictEqual",
                "stack": "AssertionError: expected 'error' to equal 'success'\n    at should.equal (node_modules/chai/lib/chai/interface/should.js:98:35)\n    at Context.<anonymous> (file:///home/runner/work/vc-json-schema-test-suite/vc-json-schema-test-suite/tests/jsonschemacredential.js:52:18)"
              }
            },
            {
              "type": "test",
              "title": "3 Implementers MUST provide support for JSON Schema specifications where, in the following table, the required column's value is yes",
              "body": "async function() {\n          this.test.cell = {columnId: i.name, rowId: this.test.title};\n          if (schemaVersionName === JsonSchemaVersions['202012']) {\n            should.equal(true, true);\n          } else {\n            this.skip();\n          }\n        }",
              "async": 0,
              "sync": true,
              "_timeout": 150000,
              "_slow": 75,
              "_retries": -1,
              "timedOut": false,
              "_currentRetry": 0,
              "pending": true,
              "file": "/home/runner/work/vc-json-schema-test-suite/vc-json-schema-test-suite/tests/jsonschemacredential.js",
              "parent": "ZANvSAiwbEOp5nn9jJpTt",
              "ctx": null,
              "_testId": "urn:uuid:1ae01321-375d-4ba7-b91f-138252d7c68a",
              "_events": {},
              "_eventsCount": 1,
              "cell": {
                "columnId": "tbd",
                "rowId": "3 Implementers MUST provide support for JSON Schema specifications where, in the following table, the required column's value is yes"
              },
              "timer": {
                "_idleTimeout": -1,
                "_idlePrev": null,
                "_idleNext": null,
                "_idleStart": 9335,
                "_onTimeout": null,
                "_repeat": null,
                "_destroyed": true
              },
              "duration": 0,
              "state": "pending"
            },
            {
              "type": "test",
              "title": "3.1.1 The $id MUST be present and its value MUST represent a valid URI-reference",
              "body": "async function() {\n          await generateTestResults(i.name, schemaVersionName, jsonSchemaType, this.test.title);\n          this.test.cell = {columnId: i.name, rowId: this.test.title};\n          const result = await checkTestResults(i.name, schemaVersionName, jsonSchemaType, this.test.title);\n          should.equal(result, TestResult.success);\n        }",
              "async": 0,
              "sync": true,
              "_timeout": 150000,
              "_slow": 75,
              "_retries": -1,
              "timedOut": false,
              "_currentRetry": 0,
              "pending": false,
              "file": "/home/runner/work/vc-json-schema-test-suite/vc-json-schema-test-suite/tests/jsonschemacredential.js",
              "parent": "ZANvSAiwbEOp5nn9jJpTt",
              "ctx": null,
              "_testId": "urn:uuid:106c5b19-d5fb-467c-96e7-bd4a29b16f23",
              "_events": {},
              "_eventsCount": 1,
              "timer": {
                "_idleTimeout": -1,
                "_idlePrev": null,
                "_idleNext": null,
                "_idleStart": 9368,
                "_onTimeout": null,
                "_repeat": null,
                "_destroyed": true
              },
              "cell": {
                "columnId": "tbd",
                "rowId": "3.1.1 The $id MUST be present and its value MUST represent a valid URI-reference"
              },
              "duration": 249,
              "state": "failed",
              "err": {
                "name": "AssertionError",
                "message": "expected 'error' to equal 'success'",
                "showDiff": true,
                "actual": "error",
                "expected": "success",
                "operator": "strictEqual",
                "stack": "AssertionError: expected 'error' to equal 'success'\n    at should.equal (node_modules/chai/lib/chai/interface/should.js:98:35)\n    at Context.<anonymous> (file:///home/runner/work/vc-json-schema-test-suite/vc-json-schema-test-suite/tests/jsonschemacredential.js:68:18)"
              }
            },
            {
              "type": "test",
              "title": "3.1.2, 4 The $schema property MUST be present in each schema",
              "body": "async function() {\n          await generateTestResults(i.name, schemaVersionName, jsonSchemaType, this.test.title);\n          this.test.cell = {columnId: i.name, rowId: this.test.title};\n          const result = await checkTestResults(i.name, schemaVersionName, jsonSchemaType, this.test.title);\n          should.equal(result, TestResult.success);\n        }",
              "async": 0,
              "sync": true,
              "_timeout": 150000,
              "_slow": 75,
              "_retries": -1,
              "timedOut": false,
              "_currentRetry": 0,
              "pending": false,
              "file": "/home/runner/work/vc-json-schema-test-suite/vc-json-schema-test-suite/tests/jsonschemacredential.js",
              "parent": "ZANvSAiwbEOp5nn9jJpTt",
              "ctx": null,
              "_testId": "urn:uuid:57b504b0-d7a0-4a5f-a92a-6ae84e9520bc",
              "_events": {},
              "_eventsCount": 1,
              "timer": {
                "_idleTimeout": -1,
                "_idlePrev": null,
                "_idleNext": null,
                "_idleStart": 9619,
                "_onTimeout": null,
                "_repeat": null,
                "_destroyed": true
              },
              "cell": {
                "columnId": "tbd",
                "rowId": "3.1.2, 4 The $schema property MUST be present in each schema"
              },
              "duration": 220,
              "state": "failed",
              "err": {
                "name": "AssertionError",
                "message": "expected 'error' to equal 'success'",
                "showDiff": true,
                "actual": "error",
                "expected": "success",
                "operator": "strictEqual",
                "stack": "AssertionError: expected 'error' to equal 'success'\n    at should.equal (node_modules/chai/lib/chai/interface/should.js:98:35)\n    at Context.<anonymous> (file:///home/runner/work/vc-json-schema-test-suite/vc-json-schema-test-suite/tests/jsonschemacredential.js:76:18)"
              }
            },
            {
              "type": "test",
              "title": "4.2 (Success) Validation MUST result in one of the following three possible outcomes: success, failure, or indeterminate.",
              "body": "async function() {\n          await generateTestResults(i.name, schemaVersionName, jsonSchemaType, this.test.title);\n          this.test.cell = {columnId: i.name, rowId: this.test.title};\n          const result = await checkTestResults(i.name, schemaVersionName, jsonSchemaType, this.test.title);\n          should.equal(result, TestResult.success);\n        }",
              "async": 0,
              "sync": true,
              "_timeout": 150000,
              "_slow": 75,
              "_retries": -1,
              "timedOut": false,
              "_currentRetry": 0,
              "pending": false,
              "file": "/home/runner/work/vc-json-schema-test-suite/vc-json-schema-test-suite/tests/jsonschemacredential.js",
              "parent": "ZANvSAiwbEOp5nn9jJpTt",
              "ctx": null,
              "_testId": "urn:uuid:10bfce94-7fad-43a3-9f49-ac63426348e2",
              "_events": {},
              "_eventsCount": 1,
              "timer": {
                "_idleTimeout": -1,
                "_idlePrev": null,
                "_idleNext": null,
                "_idleStart": 9835,
                "_onTimeout": null,
                "_repeat": null,
                "_destroyed": true
              },
              "cell": {
                "columnId": "tbd",
                "rowId": "4.2 (Success) Validation MUST result in one of the following three possible outcomes: success, failure, or indeterminate."
              },
              "duration": 182,
              "state": "failed",
              "err": {
                "name": "AssertionError",
                "message": "expected 'error' to equal 'success'",
                "showDiff": true,
                "actual": "error",
                "expected": "success",
                "operator": "strictEqual",
                "stack": "AssertionError: expected 'error' to equal 'success'\n    at should.equal (node_modules/chai/lib/chai/interface/should.js:98:35)\n    at Context.<anonymous> (file:///home/runner/work/vc-json-schema-test-suite/vc-json-schema-test-suite/tests/jsonschemacredential.js:83:18)"
              }
            },
            {
              "type": "test",
              "title": "4.2 (Failure) Validation MUST result in one of the following three possible outcomes: success, failure, or indeterminate.",
              "body": "async function() {\n          await generateTestResults(i.name, schemaVersionName, jsonSchemaType, this.test.title);\n          this.test.cell = {columnId: i.name, rowId: this.test.title};\n          const result = await checkTestResults(i.name, schemaVersionName, jsonSchemaType, this.test.title);\n          should.equal(result, TestResult.success);\n        }",
              "async": 0,
              "sync": true,
              "_timeout": 150000,
              "_slow": 75,
              "_retries": -1,
              "timedOut": false,
              "_currentRetry": 0,
              "pending": false,
              "file": "/home/runner/work/vc-json-schema-test-suite/vc-json-schema-test-suite/tests/jsonschemacredential.js",
              "parent": "ZANvSAiwbEOp5nn9jJpTt",
              "ctx": null,
              "_testId": "urn:uuid:1f4a13aa-ba04-4dcf-a157-2d8503148d5f",
              "_events": {},
              "_eventsCount": 1,
              "timer": {
                "_idleTimeout": -1,
                "_idlePrev": null,
                "_idleNext": null,
                "_idleStart": 10019,
                "_onTimeout": null,
                "_repeat": null,
                "_destroyed": true
              },
              "cell": {
                "columnId": "tbd",
                "rowId": "4.2 (Failure) Validation MUST result in one of the following three possible outcomes: success, failure, or indeterminate."
              },
              "duration": 183,
              "state": "failed",
              "err": {
                "name": "AssertionError",
                "message": "expected 'error' to equal 'success'",
                "showDiff": true,
                "actual": "error",
                "expected": "success",
                "operator": "strictEqual",
                "stack": "AssertionError: expected 'error' to equal 'success'\n    at should.equal (node_modules/chai/lib/chai/interface/should.js:98:35)\n    at Context.<anonymous> (file:///home/runner/work/vc-json-schema-test-suite/vc-json-schema-test-suite/tests/jsonschemacredential.js:90:18)"
              }
            },
            {
              "type": "test",
              "title": "4.2 (Indeterminate) Validation MUST result in one of the following three possible outcomes: success, failure, or indeterminate.",
              "body": "async function() {\n          await generateTestResults(i.name, schemaVersionName, jsonSchemaType, this.test.title);\n          this.test.cell = {columnId: i.name, rowId: this.test.title};\n          const result = await checkTestResults(i.name, schemaVersionName, jsonSchemaType, this.test.title);\n          should.equal(result, TestResult.success);\n        }",
              "async": 0,
              "sync": true,
              "_timeout": 150000,
              "_slow": 75,
              "_retries": -1,
              "timedOut": false,
              "_currentRetry": 0,
              "pending": false,
              "file": "/home/runner/work/vc-json-schema-test-suite/vc-json-schema-test-suite/tests/jsonschemacredential.js",
              "parent": "ZANvSAiwbEOp5nn9jJpTt",
              "ctx": null,
              "_testId": "urn:uuid:31f7f54d-fd75-4af3-994d-d9f2d62e94dc",
              "_events": {},
              "_eventsCount": 1,
              "timer": {
                "_idleTimeout": -1,
                "_idlePrev": null,
                "_idleNext": null,
                "_idleStart": 10202,
                "_onTimeout": null,
                "_repeat": null,
                "_destroyed": true
              },
              "cell": {
                "columnId": "tbd",
                "rowId": "4.2 (Indeterminate) Validation MUST result in one of the following three possible outcomes: success, failure, or indeterminate."
              },
              "duration": 183,
              "state": "failed",
              "err": {
                "name": "AssertionError",
                "message": "expected 'error' to equal 'success'",
                "showDiff": true,
                "actual": "error",
                "expected": "success",
                "operator": "strictEqual",
                "stack": "AssertionError: expected 'error' to equal 'success'\n    at should.equal (node_modules/chai/lib/chai/interface/should.js:98:35)\n    at Context.<anonymous> (file:///home/runner/work/vc-json-schema-test-suite/vc-json-schema-test-suite/tests/jsonschemacredential.js:97:18)"
              }
            }
          ],
          "root": false,
          "pending": false,
          "_retries": -1,
          "_beforeEach": [],
          "_beforeAll": [],
          "_afterEach": [],
          "_afterAll": [],
          "_timeout": 150000,
          "_slow": 75,
          "_bail": false,
          "_onlyTests": [],
          "_onlySuites": [],
          "delayed": false,
          "parent": "X3MeotFdudZrkEGBtAIPG",
          "file": "/home/runner/work/vc-json-schema-test-suite/vc-json-schema-test-suite/tests/jsonschemacredential.js",
          "_testId": "urn:uuid:c126fa34-999c-48a6-b681-c2d3872b9daf"
        }
      ],
      "tests": [
        {
          "type": "test",
          "title": "2.1 ID - The value MUST be a URL that identifies the schema associated with the verifiable credential.",
          "body": "async function() {\n          await generateTestResults(i.name, schemaVersionName, jsonSchemaType, this.test.title);\n          this.test.cell = {columnId: i.name, rowId: this.test.title};\n          const result = await checkTestResults(i.name, schemaVersionName, jsonSchemaType, this.test.title);\n          should.equal(result, TestResult.success);\n        }",
          "async": 0,
          "sync": true,
          "_timeout": 150000,
          "_slow": 75,
          "_retries": -1,
          "timedOut": false,
          "_currentRetry": 0,
          "pending": false,
          "file": "/home/runner/work/vc-json-schema-test-suite/vc-json-schema-test-suite/tests/jsonschemacredential.js",
          "parent": "ZANvSAiwbEOp5nn9jJpTt",
          "ctx": null,
          "_testId": "urn:uuid:83ac530f-e69a-44f7-87f7-087e46cf7cce",
          "_events": {},
          "_eventsCount": 1,
          "timer": {
            "_idleTimeout": -1,
            "_idlePrev": null,
            "_idleNext": null,
            "_idleStart": 8444,
            "_onTimeout": null,
            "_repeat": null,
            "_destroyed": true
          },
          "cell": {
            "columnId": "tbd",
            "rowId": "2.1 ID - The value MUST be a URL that identifies the schema associated with the verifiable credential."
          },
          "duration": 215,
          "state": "failed",
          "err": {
            "name": "AssertionError",
            "message": "expected 'error' to equal 'success'",
            "showDiff": true,
            "actual": "error",
            "expected": "success",
            "operator": "strictEqual",
            "stack": "AssertionError: expected 'error' to equal 'success'\n    at should.equal (node_modules/chai/lib/chai/interface/should.js:98:35)\n    at Context.<anonymous> (file:///home/runner/work/vc-json-schema-test-suite/vc-json-schema-test-suite/tests/jsonschemacredential.js:31:18)"
          }
        },
        {
          "type": "test",
          "title": "2.1 The type property MUST be JsonSchemaCredential.",
          "body": "async function() {\n          await generateTestResults(i.name, schemaVersionName, jsonSchemaType, this.test.title);\n          this.test.cell = {columnId: i.name, rowId: this.test.title};\n          const result = await checkTestResults(i.name, schemaVersionName, jsonSchemaType, this.test.title);\n          should.equal(result, TestResult.success);\n        }",
          "async": 0,
          "sync": true,
          "_timeout": 150000,
          "_slow": 75,
          "_retries": -1,
          "timedOut": false,
          "_currentRetry": 0,
          "pending": false,
          "file": "/home/runner/work/vc-json-schema-test-suite/vc-json-schema-test-suite/tests/jsonschemacredential.js",
          "parent": "ZANvSAiwbEOp5nn9jJpTt",
          "ctx": null,
          "_testId": "urn:uuid:802a07ff-d0be-4e1f-8b22-ad857a50e7a8",
          "_events": {},
          "_eventsCount": 1,
          "timer": {
            "_idleTimeout": -1,
            "_idlePrev": null,
            "_idleNext": null,
            "_idleStart": 8658,
            "_onTimeout": null,
            "_repeat": null,
            "_destroyed": true
          },
          "cell": {
            "columnId": "tbd",
            "rowId": "2.1 The type property MUST be JsonSchemaCredential."
          },
          "duration": 219,
          "state": "failed",
          "err": {
            "name": "AssertionError",
            "message": "expected 'error' to equal 'success'",
            "showDiff": true,
            "actual": "error",
            "expected": "success",
            "operator": "strictEqual",
            "stack": "AssertionError: expected 'error' to equal 'success'\n    at should.equal (node_modules/chai/lib/chai/interface/should.js:98:35)\n    at Context.<anonymous> (file:///home/runner/work/vc-json-schema-test-suite/vc-json-schema-test-suite/tests/jsonschemacredential.js:38:18)"
          }
        },
        {
          "type": "test",
          "title": "2.2 The credentialSubject property MUST contain two properties: type - the value of which MUST be JsonSchema; jsonSchema - an object which contains a valid JSON Schema",
          "body": "async function() {\n          await generateTestResults(i.name, schemaVersionName, jsonSchemaType, this.test.title);\n          this.test.cell = {columnId: i.name, rowId: this.test.title};\n          const result = await checkTestResults(i.name, schemaVersionName, jsonSchemaType, this.test.title);\n          should.equal(result, TestResult.success);\n        }",
          "async": 0,
          "sync": true,
          "_timeout": 150000,
          "_slow": 75,
          "_retries": -1,
          "timedOut": false,
          "_currentRetry": 0,
          "pending": false,
          "file": "/home/runner/work/vc-json-schema-test-suite/vc-json-schema-test-suite/tests/jsonschemacredential.js",
          "parent": "ZANvSAiwbEOp5nn9jJpTt",
          "ctx": null,
          "_testId": "urn:uuid:46bff4e0-2b76-4f83-92e3-c309dc29ca2c",
          "_events": {},
          "_eventsCount": 1,
          "timer": {
            "_idleTimeout": -1,
            "_idlePrev": null,
            "_idleNext": null,
            "_idleStart": 8878,
            "_onTimeout": null,
            "_repeat": null,
            "_destroyed": true
          },
          "cell": {
            "columnId": "tbd",
            "rowId": "2.2 The credentialSubject property MUST contain two properties: type - the value of which MUST be JsonSchema; jsonSchema - an object which contains a valid JSON Schema"
          },
          "duration": 274,
          "state": "failed",
          "err": {
            "name": "AssertionError",
            "message": "expected 'error' to equal 'success'",
            "showDiff": true,
            "actual": "error",
            "expected": "success",
            "operator": "strictEqual",
            "stack": "AssertionError: expected 'error' to equal 'success'\n    at should.equal (node_modules/chai/lib/chai/interface/should.js:98:35)\n    at Context.<anonymous> (file:///home/runner/work/vc-json-schema-test-suite/vc-json-schema-test-suite/tests/jsonschemacredential.js:45:18)"
          }
        },
        {
          "type": "test",
          "title": "2.2 The value of the credentialSchema property MUST always be set to [known json schema]",
          "body": "async function() {\n          await generateTestResults(i.name, schemaVersionName, jsonSchemaType, this.test.title);\n          this.test.cell = {columnId: i.name, rowId: this.test.title};\n          const result = await checkTestResults(i.name, schemaVersionName, jsonSchemaType, this.test.title);\n          should.equal(result, TestResult.success);\n        }",
          "async": 0,
          "sync": true,
          "_timeout": 150000,
          "_slow": 75,
          "_retries": -1,
          "timedOut": false,
          "_currentRetry": 0,
          "pending": false,
          "file": "/home/runner/work/vc-json-schema-test-suite/vc-json-schema-test-suite/tests/jsonschemacredential.js",
          "parent": "ZANvSAiwbEOp5nn9jJpTt",
          "ctx": null,
          "_testId": "urn:uuid:3dc362f3-fa77-44b9-bcca-48955b2325b6",
          "_events": {},
          "_eventsCount": 1,
          "timer": {
            "_idleTimeout": -1,
            "_idlePrev": null,
            "_idleNext": null,
            "_idleStart": 9153,
            "_onTimeout": null,
            "_repeat": null,
            "_destroyed": true
          },
          "cell": {
            "columnId": "tbd",
            "rowId": "2.2 The value of the credentialSchema property MUST always be set to [known json schema]"
          },
          "duration": 214,
          "state": "failed",
          "err": {
            "name": "AssertionError",
            "message": "expected 'error' to equal 'success'",
            "showDiff": true,
            "actual": "error",
            "expected": "success",
            "operator": "strictEqual",
            "stack": "AssertionError: expected 'error' to equal 'success'\n    at should.equal (node_modules/chai/lib/chai/interface/should.js:98:35)\n    at Context.<anonymous> (file:///home/runner/work/vc-json-schema-test-suite/vc-json-schema-test-suite/tests/jsonschemacredential.js:52:18)"
          }
        },
        {
          "type": "test",
          "title": "3 Implementers MUST provide support for JSON Schema specifications where, in the following table, the required column's value is yes",
          "body": "async function() {\n          this.test.cell = {columnId: i.name, rowId: this.test.title};\n          if (schemaVersionName === JsonSchemaVersions['202012']) {\n            should.equal(true, true);\n          } else {\n            this.skip();\n          }\n        }",
          "async": 0,
          "sync": true,
          "_timeout": 150000,
          "_slow": 75,
          "_retries": -1,
          "timedOut": false,
          "_currentRetry": 0,
          "pending": true,
          "file": "/home/runner/work/vc-json-schema-test-suite/vc-json-schema-test-suite/tests/jsonschemacredential.js",
          "parent": "ZANvSAiwbEOp5nn9jJpTt",
          "ctx": null,
          "_testId": "urn:uuid:1ae01321-375d-4ba7-b91f-138252d7c68a",
          "_events": {},
          "_eventsCount": 1,
          "cell": {
            "columnId": "tbd",
            "rowId": "3 Implementers MUST provide support for JSON Schema specifications where, in the following table, the required column's value is yes"
          },
          "timer": {
            "_idleTimeout": -1,
            "_idlePrev": null,
            "_idleNext": null,
            "_idleStart": 9335,
            "_onTimeout": null,
            "_repeat": null,
            "_destroyed": true
          },
          "duration": 0,
          "state": "pending"
        },
        {
          "type": "test",
          "title": "3.1.1 The $id MUST be present and its value MUST represent a valid URI-reference",
          "body": "async function() {\n          await generateTestResults(i.name, schemaVersionName, jsonSchemaType, this.test.title);\n          this.test.cell = {columnId: i.name, rowId: this.test.title};\n          const result = await checkTestResults(i.name, schemaVersionName, jsonSchemaType, this.test.title);\n          should.equal(result, TestResult.success);\n        }",
          "async": 0,
          "sync": true,
          "_timeout": 150000,
          "_slow": 75,
          "_retries": -1,
          "timedOut": false,
          "_currentRetry": 0,
          "pending": false,
          "file": "/home/runner/work/vc-json-schema-test-suite/vc-json-schema-test-suite/tests/jsonschemacredential.js",
          "parent": "ZANvSAiwbEOp5nn9jJpTt",
          "ctx": null,
          "_testId": "urn:uuid:106c5b19-d5fb-467c-96e7-bd4a29b16f23",
          "_events": {},
          "_eventsCount": 1,
          "timer": {
            "_idleTimeout": -1,
            "_idlePrev": null,
            "_idleNext": null,
            "_idleStart": 9368,
            "_onTimeout": null,
            "_repeat": null,
            "_destroyed": true
          },
          "cell": {
            "columnId": "tbd",
            "rowId": "3.1.1 The $id MUST be present and its value MUST represent a valid URI-reference"
          },
          "duration": 249,
          "state": "failed",
          "err": {
            "name": "AssertionError",
            "message": "expected 'error' to equal 'success'",
            "showDiff": true,
            "actual": "error",
            "expected": "success",
            "operator": "strictEqual",
            "stack": "AssertionError: expected 'error' to equal 'success'\n    at should.equal (node_modules/chai/lib/chai/interface/should.js:98:35)\n    at Context.<anonymous> (file:///home/runner/work/vc-json-schema-test-suite/vc-json-schema-test-suite/tests/jsonschemacredential.js:68:18)"
          }
        },
        {
          "type": "test",
          "title": "3.1.2, 4 The $schema property MUST be present in each schema",
          "body": "async function() {\n          await generateTestResults(i.name, schemaVersionName, jsonSchemaType, this.test.title);\n          this.test.cell = {columnId: i.name, rowId: this.test.title};\n          const result = await checkTestResults(i.name, schemaVersionName, jsonSchemaType, this.test.title);\n          should.equal(result, TestResult.success);\n        }",
          "async": 0,
          "sync": true,
          "_timeout": 150000,
          "_slow": 75,
          "_retries": -1,
          "timedOut": false,
          "_currentRetry": 0,
          "pending": false,
          "file": "/home/runner/work/vc-json-schema-test-suite/vc-json-schema-test-suite/tests/jsonschemacredential.js",
          "parent": "ZANvSAiwbEOp5nn9jJpTt",
          "ctx": null,
          "_testId": "urn:uuid:57b504b0-d7a0-4a5f-a92a-6ae84e9520bc",
          "_events": {},
          "_eventsCount": 1,
          "timer": {
            "_idleTimeout": -1,
            "_idlePrev": null,
            "_idleNext": null,
            "_idleStart": 9619,
            "_onTimeout": null,
            "_repeat": null,
            "_destroyed": true
          },
          "cell": {
            "columnId": "tbd",
            "rowId": "3.1.2, 4 The $schema property MUST be present in each schema"
          },
          "duration": 220,
          "state": "failed",
          "err": {
            "name": "AssertionError",
            "message": "expected 'error' to equal 'success'",
            "showDiff": true,
            "actual": "error",
            "expected": "success",
            "operator": "strictEqual",
            "stack": "AssertionError: expected 'error' to equal 'success'\n    at should.equal (node_modules/chai/lib/chai/interface/should.js:98:35)\n    at Context.<anonymous> (file:///home/runner/work/vc-json-schema-test-suite/vc-json-schema-test-suite/tests/jsonschemacredential.js:76:18)"
          }
        },
        {
          "type": "test",
          "title": "4.2 (Success) Validation MUST result in one of the following three possible outcomes: success, failure, or indeterminate.",
          "body": "async function() {\n          await generateTestResults(i.name, schemaVersionName, jsonSchemaType, this.test.title);\n          this.test.cell = {columnId: i.name, rowId: this.test.title};\n          const result = await checkTestResults(i.name, schemaVersionName, jsonSchemaType, this.test.title);\n          should.equal(result, TestResult.success);\n        }",
          "async": 0,
          "sync": true,
          "_timeout": 150000,
          "_slow": 75,
          "_retries": -1,
          "timedOut": false,
          "_currentRetry": 0,
          "pending": false,
          "file": "/home/runner/work/vc-json-schema-test-suite/vc-json-schema-test-suite/tests/jsonschemacredential.js",
          "parent": "ZANvSAiwbEOp5nn9jJpTt",
          "ctx": null,
          "_testId": "urn:uuid:10bfce94-7fad-43a3-9f49-ac63426348e2",
          "_events": {},
          "_eventsCount": 1,
          "timer": {
            "_idleTimeout": -1,
            "_idlePrev": null,
            "_idleNext": null,
            "_idleStart": 9835,
            "_onTimeout": null,
            "_repeat": null,
            "_destroyed": true
          },
          "cell": {
            "columnId": "tbd",
            "rowId": "4.2 (Success) Validation MUST result in one of the following three possible outcomes: success, failure, or indeterminate."
          },
          "duration": 182,
          "state": "failed",
          "err": {
            "name": "AssertionError",
            "message": "expected 'error' to equal 'success'",
            "showDiff": true,
            "actual": "error",
            "expected": "success",
            "operator": "strictEqual",
            "stack": "AssertionError: expected 'error' to equal 'success'\n    at should.equal (node_modules/chai/lib/chai/interface/should.js:98:35)\n    at Context.<anonymous> (file:///home/runner/work/vc-json-schema-test-suite/vc-json-schema-test-suite/tests/jsonschemacredential.js:83:18)"
          }
        },
        {
          "type": "test",
          "title": "4.2 (Failure) Validation MUST result in one of the following three possible outcomes: success, failure, or indeterminate.",
          "body": "async function() {\n          await generateTestResults(i.name, schemaVersionName, jsonSchemaType, this.test.title);\n          this.test.cell = {columnId: i.name, rowId: this.test.title};\n          const result = await checkTestResults(i.name, schemaVersionName, jsonSchemaType, this.test.title);\n          should.equal(result, TestResult.success);\n        }",
          "async": 0,
          "sync": true,
          "_timeout": 150000,
          "_slow": 75,
          "_retries": -1,
          "timedOut": false,
          "_currentRetry": 0,
          "pending": false,
          "file": "/home/runner/work/vc-json-schema-test-suite/vc-json-schema-test-suite/tests/jsonschemacredential.js",
          "parent": "ZANvSAiwbEOp5nn9jJpTt",
          "ctx": null,
          "_testId": "urn:uuid:1f4a13aa-ba04-4dcf-a157-2d8503148d5f",
          "_events": {},
          "_eventsCount": 1,
          "timer": {
            "_idleTimeout": -1,
            "_idlePrev": null,
            "_idleNext": null,
            "_idleStart": 10019,
            "_onTimeout": null,
            "_repeat": null,
            "_destroyed": true
          },
          "cell": {
            "columnId": "tbd",
            "rowId": "4.2 (Failure) Validation MUST result in one of the following three possible outcomes: success, failure, or indeterminate."
          },
          "duration": 183,
          "state": "failed",
          "err": {
            "name": "AssertionError",
            "message": "expected 'error' to equal 'success'",
            "showDiff": true,
            "actual": "error",
            "expected": "success",
            "operator": "strictEqual",
            "stack": "AssertionError: expected 'error' to equal 'success'\n    at should.equal (node_modules/chai/lib/chai/interface/should.js:98:35)\n    at Context.<anonymous> (file:///home/runner/work/vc-json-schema-test-suite/vc-json-schema-test-suite/tests/jsonschemacredential.js:90:18)"
          }
        },
        {
          "type": "test",
          "title": "4.2 (Indeterminate) Validation MUST result in one of the following three possible outcomes: success, failure, or indeterminate.",
          "body": "async function() {\n          await generateTestResults(i.name, schemaVersionName, jsonSchemaType, this.test.title);\n          this.test.cell = {columnId: i.name, rowId: this.test.title};\n          const result = await checkTestResults(i.name, schemaVersionName, jsonSchemaType, this.test.title);\n          should.equal(result, TestResult.success);\n        }",
          "async": 0,
          "sync": true,
          "_timeout": 150000,
          "_slow": 75,
          "_retries": -1,
          "timedOut": false,
          "_currentRetry": 0,
          "pending": false,
          "file": "/home/runner/work/vc-json-schema-test-suite/vc-json-schema-test-suite/tests/jsonschemacredential.js",
          "parent": "ZANvSAiwbEOp5nn9jJpTt",
          "ctx": null,
          "_testId": "urn:uuid:31f7f54d-fd75-4af3-994d-d9f2d62e94dc",
          "_events": {},
          "_eventsCount": 1,
          "timer": {
            "_idleTimeout": -1,
            "_idlePrev": null,
            "_idleNext": null,
            "_idleStart": 10202,
            "_onTimeout": null,
            "_repeat": null,
            "_destroyed": true
          },
          "cell": {
            "columnId": "tbd",
            "rowId": "4.2 (Indeterminate) Validation MUST result in one of the following three possible outcomes: success, failure, or indeterminate."
          },
          "duration": 183,
          "state": "failed",
          "err": {
            "name": "AssertionError",
            "message": "expected 'error' to equal 'success'",
            "showDiff": true,
            "actual": "error",
            "expected": "success",
            "operator": "strictEqual",
            "stack": "AssertionError: expected 'error' to equal 'success'\n    at should.equal (node_modules/chai/lib/chai/interface/should.js:98:35)\n    at Context.<anonymous> (file:///home/runner/work/vc-json-schema-test-suite/vc-json-schema-test-suite/tests/jsonschemacredential.js:97:18)"
          }
        }
      ],
      "root": false,
      "pending": false,
      "_retries": -1,
      "_beforeEach": [],
      "_beforeAll": [],
      "_afterEach": [],
      "_afterAll": [],
      "_timeout": 150000,
      "_slow": 75,
      "_bail": false,
      "_onlyTests": [],
      "_onlySuites": [],
      "delayed": false,
      "parent": "1BN0fXcmb6_5EVc4yKLcb",
      "file": "/home/runner/work/vc-json-schema-test-suite/vc-json-schema-test-suite/tests/jsonschemacredential.js",
      "matrix": true,
      "report": true,
      "implemented": [
        "tbd"
      ],
      "rowLabel": "Test Name",
      "columnLabel": "Implementation",
      "_testId": "urn:uuid:50710fa5-8ae5-46be-bdd4-f41befcd0e84"
    }
  ],
  "tests": [],
  "root": true,
  "pending": false,
  "_retries": -1,
  "_beforeEach": [],
  "_beforeAll": [],
  "_afterEach": [],
  "_afterAll": [],
  "_timeout": 150000,
  "_slow": 75,
  "_bail": false,
  "_onlyTests": [],
  "_onlySuites": [],
  "delayed": false,
  "_events": {
    "pre-require": [
      null,
      null
    ]
  },
  "_eventsCount": 1,
  "_testId": "urn:uuid:00c5f912-93bc-4793-a319-b5b8812b9b68"
}